appid,genre_id
20,0
40,0
60,0
80,0
220,0
280,0
320,0
360,0
400,0
440,0
500,0
570,0
570,2
620,3
730,0
1002,4
1250,0
1257,0
1313,0
1500,2
1510,2
1520,2
1600,2
1620,2
1640,2
1690,2
1900,2
2100,0
2200,0
2270,0
2290,0
2310,0
2330,0
2350,0
2370,0
2400,0
2400,5
2420,4
2450,0
2520,6
2540,6
2570,4
2590,0
2610,0
2630,0
2700,7
2710,0
2720,4
2780,0
2810,2
2820,7
2840,7
2850,7
2870,0
2900,2
2920,2
3010,8
3050,8
3170,5
3230,2
3260,6
3300,6
3320,6
3340,6
3360,6
3390,6
3410,6
3430,6
3460,6
3483,6
3500,6
3520,6
3540,6
3560,2
3580,6
3600,6
3620,0
3700,0
3720,2
3800,0
3820,0
3900,2
3920,5
3980,2
4000,4
4100,6
4100,4
4290,8
4300,4
4460,7
4470,5
4500,5
4520,2
4530,2
4560,2
4580,2
4720,0
4770,2
4800,2
4856,2
4880,2
4900,6
4920,0
4920,2
6010,3
6030,0
6060,0
6080,3
6080,7
6090,0
6120,4
6210,2
6250,0
6270,8
6300,5
6310,3
6370,0
6370,9
6400,2
6420,7
6510,0
6550,0
6600,4
6810,0
6840,0
6860,0
6880,0
6910,0
6980,0
7000,3
7020,0
7200,8
7220,3
7340,6
7510,10
7510,0
7510,5
7530,2
7610,2
7650,2
7670,0
7730,2
7770,2
7830,2
7860,0
8000,0
8080,0
8140,0
8170,0
8190,0
8330,6
8400,6
8500,1
8500,5
8600,8
8660,8
8780,8
8790,7
8800,2
8870,0
8880,2
8890,2
8970,4
8980,5
8990,5
9010,0
9060,0
9160,0
9200,0
9340,0
9350,2
9450,2
9480,0
9500,3
9710,0
9760,0
9800,3
9850,2
9880,9
9900,1
9900,5
9940,3
9970,0
10090,0
10110,3
10120,6
10140,12
10150,3
10195,0
10220,0
10240,3
10260,7
10270,2
10500,2
10600,2
10606,2
10608,2
10695,0
11020,8
11040,5
11050,6
11140,3
11180,3
11190,3
11200,0
11230,4
11240,0
11240,2
11250,2
11260,2
11280,6
11340,0
11360,4
11370,4
11390,8
11450,5
11550,0
11590,7
12140,0
12170,0
12200,0
12210,0
12220,0
12310,6
12320,0
12330,0
12360,8
12420,2
12440,3
12460,2
12480,2
12510,2
12530,0
12530,2
12560,7
12600,8
12670,7
12690,12
12770,5
12790,3
12830,0
13000,6
13200,0
13230,0
13250,0
13500,3
13530,0
13540,0
13570,0
13600,0
13620,0
15000,0
15080,3
15100,3
15130,0
15160,7
15190,0
15210,7
15270,0
15320,7
15380,2
15400,2
15500,6
15520,0
15520,12
15522,4
15560,4
15620,2
15710,3
15740,3
15750,0
15750,2
15800,6
15910,6
15930,6
15970,6
16020,6
16040,6
16110,6
16120,6
16130,6
16180,6
16200,6
16300,4
16450,0
16500,6
16600,4
16600,12
16620,8
16710,0
16720,0
16810,2
16861,2
16863,2
16867,2
16870,2
16900,4
16900,13
17100,7
17120,7
17140,2
17330,0
17390,3
17390,5
17390,2
17410,3
17450,5
17460,5
17470,3
17500,0
17500,1
17570,0
17570,4
17580,1
17710,0
17740,0
17740,2
18000,5
18020,5
18040,4
18050,0
18050,5
18070,3
18080,0
18080,5
18120,6
18120,2
18300,4
18400,2
18407,2
18408,2
18420,2
18430,2
18440,2
18480,3
18500,2
18508,4
18509,4
18520,4
18521,4
18522,2
18523,4
18600,2
18700,4
18820,4
18820,12
19020,6
19200,0
19320,0
19320,6
19500,4
19680,3
19830,0
19980,0
20200,6
20200,12
20510,0
20530,0
20550,0
20570,2
20700,4
20710,0
20710,2
20820,4
20900,5
21000,0
21010,0
21090,0
21130,0
21300,4
21500,8
21600,2
21640,2
21670,0
21680,0
21690,3
21800,2
22000,4
22100,5
22120,3
22130,2
22140,4
22180,3
22200,0
22230,0
22230,8
22300,5
22320,5
22350,1
22363,0
22370,5
22380,5
22410,5
22430,5
22450,0
22470,0
22500,4
22510,2
22521,4
22600,2
22631,2
22633,2
22650,0
23150,6
23300,6
23400,7
23420,2
23450,2
23455,2
23460,3
23490,7
23500,6
23530,0
23551,0
23553,0
23600,5
23700,6
24012,7
24028,7
24055,7
24070,7
24082,7
24095,7
24200,0
24200,1
24200,5
24400,5
24410,2
24440,5
24441,5
24447,5
24449,5
24460,2
24480,2
24488,5
24635,7
24650,7
24670,7
24676,7
24678,7
24720,0
24780,7
24790,2
24810,2
24960,0
24980,5
25000,4
25500,4
25500,12
25600,5
25620,5
25700,6
25758,4
25760,4
25762,4
25764,4
25808,2
25810,2
25813,2
25815,2
25817,2
25850,5
25890,2
25896,2
25898,2
25900,5
25910,2
25940,2
25962,2
25980,7
25990,2
26000,0
26005,0
26006,0
26007,4
26300,4
26500,6
26800,4
26803,4
26900,4
27000,4
27020,7
27050,6
27200,12
27400,4
27800,4
27900,0
27920,0
27940,0
28000,0
28011,0
29120,4
29130,4
29160,3
29180,6
29600,9
29610,9
29620,9
29630,9
29700,0
29700,5
29800,3
29800,4
29800,2
31100,3
31170,5
31230,3
31250,3
31270,0
31270,6
31700,0
31800,3
31820,3
31840,3
31860,3
31870,6
31890,0
31910,3
31930,3
32000,6
32120,6
32140,6
32150,4
32160,12
32200,0
32200,8
32310,3
32330,3
32350,0
32360,3
32370,5
32390,0
32410,6
32430,0
32450,3
32470,2
32510,0
32610,0
32630,0
32650,0
32670,0
32710,7
32730,7
32750,0
32760,7
32900,6
32900,7
33100,0
33100,5
33110,4
33120,0
33120,5
33130,4
33180,0
33180,5
33230,0
33320,0
33372,0
33390,4
33460,7
33520,2
33540,5
33570,7
33580,7
33600,3
33620,0
33650,6
33660,4
33670,2
33730,7
33760,6
33780,5
33900,0
33900,2
33930,7
33934,0
33950,6
33980,0
34030,2
34178,2
34190,8
34270,3
34270,5
34273,0
34275,2
34277,0
34280,0
34282,0
34285,6
34286,6
34287,3
34289,5
34313,0
34314,7
34316,0
34319,3
34345,2
34420,2
34500,7
34600,2
34640,2
34810,0
34820,7
34841,0
34870,0
34920,0
34920,4
35000,3
35030,12
35080,0
35083,0
35089,0
35090,0
35091,0
35101,0
35102,0
35130,0
35135,0
35136,0
35137,0
35138,0
35140,0
35300,2
35310,8
35417,0
35429,0
35450,9
35460,0
35460,4
35480,4
35600,3
35600,2
35700,3
35720,0
35720,4
35800,4
36000,4
36150,6
36900,6
36900,7
36910,6
36910,7
37000,3
37220,7
37240,7
37280,7
37300,7
37320,6
37340,6
37370,6
37390,6
37400,4
37500,6
37600,6
37800,4
37960,6
38070,6
38080,7
38100,7
38120,6
38140,6
38160,6
38180,6
38190,6
38230,6
38230,2
38410,5
38430,0
38460,0
38480,3
38490,3
38600,4
38700,6
38720,6
38720,2
38740,4
38920,6
38921,6
38922,6
38923,6
38924,6
39000,7
39110,6
39120,9
39140,5
39160,0
39190,5
39210,9
39270,0
39391,6
39500,0
39510,0
39520,7
39530,0
39540,5
39550,2
39630,0
39650,7
39660,7
39670,0
39680,2
39800,0
39900,0
40135,2
40210,6
40320,2
40340,3
40370,7
40380,8
40392,0
40393,5
40400,2
40403,2
40406,2
40407,2
40408,2
40420,4
40500,2
40700,3
40720,3
40720,4
40930,3
40940,0
40950,7
40960,2
40970,2
40980,2
40990,3
41000,4
41014,4
41019,4
41046,4
41050,4
41060,4
41070,4
41074,4
41100,4
41300,6
41300,4
41300,2
41400,4
41600,0
41660,0
41660,4
41700,0
41730,0
41730,4
41740,3
41800,4
41800,2
41802,4
41803,2
41803,7
41804,4
41805,2
41805,7
41814,4
41816,2
41816,7
41817,4
41900,0
41900,5
42000,4
42140,3
42140,4
42147,6
42170,0
42170,4
42170,2
42180,4
42210,3
42230,3
42500,4
42696,0
42698,0
42716,0
42719,0
42800,2
42820,2
42881,7
42890,2
42902,2
42904,2
42910,0
42918,0
42920,2
42926,2
42930,2
42950,2
42964,2
42966,2
42980,2
43000,0
43006,0
43013,0
43100,7
43190,4
43500,2
44100,0
44100,8
44600,12
44650,8
44670,8
44690,8
44690,12
45000,2
45100,4
45200,2
45302,7
45410,8
45420,4
45450,6
45700,0
45710,0
45720,0
45730,0
45740,0
45750,0
45760,0
45770,3
45774,0
45776,0
45791,0
45793,0
45795,0
45797,0
46000,3
46200,0
46250,0
46260,2
46270,2
46280,2
46340,7
46342,7
46350,2
46360,2
46362,2
46380,2
46400,5
46410,3
46410,5
46450,4
46450,2
46480,3
46500,3
46510,3
46520,4
46540,2
46560,2
46570,4
46570,2
46600,6
46700,2
46720,5
46740,7
46750,4
46770,4
46770,2
46830,2
46850,6
47120,0
47400,7
47410,1
47410,2
47780,0
47790,0
47870,8
47890,7
47893,7
47895,7
47897,7
47899,7
47930,7
47932,7
48000,3
48110,7
48190,0
48220,5
48231,5
48232,5
48240,2
48700,5
48705,5
48720,5
48802,7
48804,7
48806,7
48950,2
49300,2
49311,2
49330,2
49497,2
49520,5
49600,0
49600,4
49604,6
49800,0
49810,4
49900,4
50000,8
50110,5
50300,0
50510,0
50620,3
50910,6
50920,4
50940,6
50970,6
50990,3
51000,3
51010,6
51020,6
51030,4
51060,6
55000,4
55040,4
55100,0
55115,0
55150,0
55204,0
55230,0
55381,0
55385,0
55387,0
55389,0
55391,0
55393,0
55395,0
55397,0
55399,0
56431,2
56433,2
56435,2
56438,2
56481,2
56483,2
56485,2
56488,2
56493,2
56538,2
57000,3
57200,4
57300,3
57600,7
57620,2
57650,5
57655,5
57656,5
57680,0
57690,7
57695,7
57696,7
57697,7
57700,0
57700,4
57740,5
57740,2
57800,6
57900,0
57925,0
58200,6
58230,3
58230,4
58400,4
58520,2
58560,3
58610,4
58610,2
58645,2
58648,2
60340,3
60350,3
60350,4
60600,4
60700,4
61100,4
61310,4
61500,5
61510,5
61520,5
61600,4
61700,5
61710,5
61730,6
62000,0
62100,6
63000,6
63000,2
63003,6
63003,2
63004,6
63004,2
63200,0
63200,4
63380,0
63399,0
63500,6
63500,2
63610,6
63620,6
63630,6
63640,6
63650,6
63660,6
63700,6
63710,0
63800,3
63800,5
63802,3
63802,5
63803,3
63803,4
63910,5
63940,2
63950,7
64000,2
64013,2
64016,2
65070,8
65080,3
65200,7
65217,7
65224,7
65229,7
65232,7
65239,7
65243,7
65246,7
65249,7
65252,7
65254,7
65256,7
65259,7
65300,0
65400,4
65500,3
65530,2
65540,5
65600,5
65700,0
65700,2
65720,7
65730,7
65734,7
65740,0
65780,0
65780,2
65790,7
65800,0
65800,5
65920,0
65930,0
66000,0
66002,0
67000,6
67330,0
67350,0
67370,0
70000,4
70110,4
70120,4
70200,6
70210,3
70210,4
70300,0
70400,5
70420,0
70420,4
70500,3
70500,4
70615,2
70617,2
70620,2
70650,6
70660,6
70900,2
71000,4
71112,0
71115,0
71116,0
71118,5
71120,5
71161,5
71165,0
71230,0
71240,7
71260,0
71390,12
72400,3
72730,0
72740,0
72750,0
72760,0
72840,0
72900,3
72900,5
72902,4
72903,3
72903,5
72904,4
72905,3
72905,5
72907,4
73010,7
73013,7
73020,2
73030,5
73031,5
73033,5
73035,5
73036,5
73037,5
73039,5
73041,2
73057,5
73058,5
73071,2
73091,5
73092,5
73093,5
73095,5
73096,5
73097,5
73098,5
73115,5
73118,5
73119,5
73120,5
73181,7
73185,7
73190,7
73192,2
73194,2
73210,5
73210,2
78000,6
80000,0
80000,2
80010,2
80200,2
80200,6
80202,2
80202,6
80204,2
80204,6
80207,2
80207,6
80300,3
80310,3
80330,3
80340,3
80350,3
80360,3
90200,7
90208,7
90210,7
90400,6
91100,8
91106,8
91200,4
91330,0
91330,2
91600,6
91600,2
91609,2
91609,6
91616,0
91616,4
91618,0
91618,4
91700,0
91700,5
91800,4
91810,6
91900,8
92000,3
92000,2
92100,2
92300,4
92302,4
92303,4
92600,0
92620,0
92621,0
92622,0
92700,0
92800,7
92803,4
92900,3
92900,1
92900,2
93200,4
93206,0
93206,2
94000,4
94200,0
94202,0
94203,0
94300,3
94300,4
94303,6
94304,3
94304,4
94400,4
94590,0
94590,6
94600,3
94610,0
94610,6
94620,3
95300,0
95400,0
95400,4
95700,4
95900,7
96000,6
96100,0
96100,4
96200,4
96900,0
96900,2
97000,3
97000,4
97110,2
97130,2
98100,6
98200,4
98210,2
98211,2
98300,0
98300,7
98400,0
98421,0
98500,4
98600,6
98600,7
98609,0
98609,4
98800,6
98800,5
98820,4
98821,3
98821,1
98821,5
98822,6
98822,5
98900,6
98900,2
99100,5
99300,0
99400,4
99410,4
99611,2
99614,2
99700,4
99900,0
99900,6
99900,4
99900,5
99910,6
99910,9
102200,3
102200,5
102400,4
102500,0
102600,0
102600,2
102622,4
102623,0
102623,2
102810,3
102840,0
102840,4
102850,3
104000,4
104020,6
104100,0
104100,2
104200,4
104900,3
104900,5
105000,4
105100,6
105300,6
105420,0
105450,7
105600,0
105600,4
105700,0
105700,4
105800,6
105802,6
107100,0
107100,5
107200,4
107200,2
107300,4
107310,5
107410,7
107600,0
108110,5
108200,6
108200,2
108210,7
108230,6
108230,2
108231,4
108232,6
108232,2
108233,4
108500,0
108500,2
108600,5
108600,13
108700,8
108710,3
108726,3
109200,6
109500,0
109600,0
109600,1
109600,5
109700,2
110400,4
110500,0
110600,0
110610,0
110630,0
110800,3
111000,4
111010,3
111010,4
111100,4
111300,0
111300,12
111400,4
111402,4
111403,4
111600,4
111800,4
112100,4
113020,3
113020,4
113200,0
113200,4
113204,0
113204,4
113400,0
113400,9
113420,9
115100,3
115100,5
115110,4
115120,2
115210,2
115300,0
115320,3
115800,0
115800,4
116100,8
116120,4
200010,2
200080,3
200130,4
200150,6
200170,2
200188,2
200190,3
200210,0
200210,4
200210,5
200230,7
200260,3
200370,2
200390,2
200396,2
200397,2
200410,4
200440,5
200510,2
200550,7
200590,0
200620,0
200710,0
200710,4
200860,0
200880,0
200891,0
200900,0
200900,4
200910,5
200960,5
200980,2
200980,4
200990,5
201000,2
201000,4
201010,5
201070,0
201070,2
201100,8
201210,5
201230,1
201230,5
201271,2
201273,2
201275,2
201277,2
201290,4
201310,0
201420,3
201420,4
201480,4
201490,7
201510,8
201570,4
201790,3
201790,5
201802,0
201802,2
201804,2
201805,2
201870,0
201877,0
201881,3
201882,3
202170,0
202181,0
202191,3
202193,3
202200,2
202370,0
202410,4
202412,4
202450,7
202452,2
202454,2
202521,5
202524,2
202524,4
202650,4
202652,4
202690,4
202710,0
202710,5
202730,0
202730,4
202750,3
202951,0
202961,0
202970,0
203060,2
203160,0
203210,0
203210,4
203290,1
203340,7
203341,5
203341,2
203342,7
203343,5
203343,2
203344,7
203345,5
203345,2
203350,2
203358,2
203510,4
203560,6
203630,2
203700,0
203700,4
203701,5
203702,0
203702,4
203765,0
203770,1
203770,7
203772,2
203774,2
203776,2
203778,2
203810,6
203830,3
203990,0
204030,0
204030,5
204060,4
204120,3
204180,4
204182,0
204185,0
204220,3
204220,4
204240,6
204240,2
204282,2
204284,2
204286,2
204288,2
204290,2
204300,1
204300,2
204303,4
204304,0
204304,2
204305,4
204306,0
204306,2
204307,4
204308,0
204308,2
204309,4
204310,0
204310,2
204311,4
204312,0
204312,2
204314,4
204315,0
204315,2
204317,4
204318,0
204318,2
204319,4
204340,0
204360,0
204360,6
204360,5
204371,3
204371,4
204372,0
204372,6
204372,5
204380,5
204381,0
204381,4
204382,5
204383,0
204383,5
204384,5
204385,0
204385,4
204386,5
204387,0
204387,4
204388,5
204390,0
204440,3
204450,0
204530,4
204560,0
204560,2
204580,6
204630,3
204630,8
204732,3
204732,5
204734,0
204734,2
204734,4
204860,0
204880,0
204880,7
204900,6
204901,6
204902,3
204902,2
205020,3
205020,4
205060,4
205063,4
205070,4
205073,4
205080,4
205083,4
205100,3
205530,4
205530,2
205541,4
205550,0
205550,4
205610,7
205630,7
205632,7
205633,7
205634,7
205635,7
205636,7
205637,7
205638,7
205650,3
205690,4
205710,9
205730,0
205730,4
205810,7
205830,0
205830,6
205870,4
205910,4
205990,2
206020,4
206040,4
206060,4
206089,6
206139,6
206140,6
206141,6
206142,6
206143,6
206144,6
206145,6
206146,6
206147,6
206148,6
206149,6
206150,6
206151,6
206152,6
206153,6
206155,6
206156,6
206157,6
206158,6
206159,6
206160,6
206161,6
206162,6
206163,6
206164,6
206165,6
206166,6
206167,6
206168,6
206169,6
206170,6
206171,6
206172,6
206173,6
206174,6
206175,6
206176,6
206177,6
206178,6
206179,6
206190,0
206190,2
206193,4
206195,0
206195,2
206250,0
206250,5
206370,4
206410,2
206415,2
206416,2
206420,3
206440,4
206480,0
206480,1
206480,5
206500,1
206500,2
206521,3
206521,9
206522,0
206522,1
206522,5
206610,4
206690,4
206710,7
206714,7
206718,7
206760,0
206881,2
206882,2
207000,3
207010,0
207010,4
207011,3
207020,8
207040,4
207090,6
207111,8
207113,8
207140,0
207140,4
207140,12
207150,4
207166,0
207166,2
207167,4
207168,0
207168,2
207169,4
207170,3
207170,5
207190,3
207230,0
207230,4
207250,2
207320,3
207350,0
207350,5
207370,4
207400,0
207420,3
207430,6
207430,5
207490,3
207530,4
207570,6
207620,3
207650,4
207655,6
207660,0
207660,4
207670,6
207690,6
207710,6
207710,2
207730,2
207750,6
207790,7
207816,0
207816,4
207870,5
208110,3
208140,2
208280,7
208282,7
208284,7
208287,7
208289,7
208293,7
208295,7
208298,7
208301,7
208303,7
208306,7
208318,7
208341,7
208343,7
208348,7
208350,7
208352,7
208354,7
208356,7
208362,7
208364,7
208366,7
208369,7
208371,7
208376,7
208378,7
208400,4
208400,2
208460,4
208470,0
208470,4
208520,2
208540,5
208541,2
208541,4
208542,5
208543,2
208543,4
208544,5
208545,2
208545,4
208546,5
208570,0
208575,0
208580,5
208600,7
208620,6
208630,6
208640,6
208650,3
208670,3
208690,5
208710,4
208730,5
208740,5
208741,5
208742,5
208750,3
208750,5
208790,3
208791,3
208792,3
208793,3
208801,3
208802,3
208803,3
208804,3
208805,3
208806,3
208807,3
208808,3
208809,3
208810,3
208811,3
208812,3
208813,3
208814,3
208817,3
208818,3
208981,3
209000,3
209060,4
209080,3
209080,7
209120,0
209190,0
209201,0
209202,0
209230,3
209330,0
209330,4
209360,4
209460,0
209540,4
209545,0
209545,7
209546,4
209548,0
209548,7
209610,4
209630,0
209630,4
209670,0
209670,2
209690,4
209730,0
209750,0
209790,6
209793,6
209801,6
209812,2
209830,3
209830,5
209850,6
209850,2
209950,4
210012,0
210014,0
210016,0
210018,0
210030,0
210032,0
210034,0
210036,0
210038,0
210040,0
210042,0
210044,0
210046,0
210048,0
210050,0
210052,0
210054,0
210056,0
210058,0
210060,0
210062,0
210064,0
210066,0
210068,0
210072,0
210074,0
210076,0
210083,0
210085,0
210087,0
210089,0
210091,0
210093,0
210095,0
210097,0
210113,0
210170,4
210230,3
210490,2
210510,0
210510,4
210561,0
210770,4
210892,2
210894,2
210896,2
210899,2
210901,2
210903,2
210905,2
210907,2
210931,0
210933,0
210936,0
210938,0
210944,0
210950,0
210970,3
211010,0
211010,5
211050,2
211160,3
211180,6
211206,0
211260,4
211280,4
211340,4
211360,3
211400,0
211400,4
211420,0
211440,4
211500,8
211500,12
211580,3
211580,5
211600,7
211740,7
211800,6
211820,0
211820,6
211820,5
211900,2
211990,4
211994,4
212010,4
212010,2
212030,4
212041,4
212050,4
212070,1
212070,7
212110,4
212390,0
212390,9
212480,8
212500,0
212500,1
212500,5
212671,0
212673,0
212680,7
212700,0
212700,4
212710,3
212740,0
212740,1
212740,5
212780,7
212800,0
212800,4
212890,3
212893,3
212894,3
213030,5
213210,5
213230,5
213250,5
213312,0
213330,3
213390,4
213610,0
213650,1
213650,2
213661,1
213661,2
213662,1
213662,2
213663,1
213663,2
213664,1
213664,2
213665,1
213665,2
213670,3
213780,0
213930,5
214100,2
214100,6
214130,4
214150,4
214170,5
214250,3
214330,4
214331,4
214332,4
214340,4
214360,4
214420,0
214420,4
214510,0
214530,5
214550,6
214550,7
214560,0
214560,4
214590,0
214610,3
214700,3
214700,4
214730,3
214730,7
214770,0
214770,4
214790,4
214830,0
214830,5
214910,0
214930,0
214932,0
214950,2
214970,4
214981,2
214987,2
214990,2
215000,2
215002,2
215004,2
215080,0
215080,6
215080,4
215080,5
215160,3
215240,0
215242,0
215244,0
215245,3
215246,3
215247,8
215248,3
215249,3
215251,3
215253,3
215255,3
215256,3
215257,3
215258,3
215259,3
215280,3
215280,9
215301,0
215309,0
215311,0
215317,0
215370,7
215371,7
215372,7
215373,7
215374,7
215390,0
215430,0
215431,0
215432,0
215433,0
215434,0
215435,0
215436,0
215450,0
215450,4
215470,4
215510,4
215530,3
215530,5
215533,3
215533,5
215534,3
215534,5
215535,3
215535,5
215536,3
215536,5
215550,14
215550,3
215550,5
215630,3
215670,3
215690,0
215710,0
215710,6
215770,4
215772,0
215772,2
215790,7
215830,1
215830,5
215870,9
215930,2
215970,2
215971,7
215972,0
215972,2
216090,4
216110,0
216110,2
216130,2
216150,3
216150,1
216150,5
216172,1
216172,2
216173,1
216173,2
216174,1
216174,2
216260,4
216260,12
216330,0
216332,0
216333,0
216334,0
216335,0
216670,4
216890,12
216910,0
216930,6
217100,3
217120,0
217140,0
217270,0
217270,2
217290,4
217300,0
217300,5
217690,4
217750,3
217750,9
217790,7
217920,0
217961,0
218020,2
218020,4
218040,7
218060,0
218065,0
218090,4
218100,4
218230,0
218230,9
218240,1
218241,0
218241,9
218242,1
218410,4
218410,2
218510,2
218550,5
218560,5
218620,5
218640,14
218640,3
218660,0
218660,4
218680,6
218700,3
218740,3
218820,0
218820,4
218980,6
218980,2
219070,4
219097,0
219101,0
219130,0
219134,0
219150,0
219190,0
219200,0
219380,3
219440,0
219442,0
219444,0
219446,0
219630,2
219640,4
219680,6
219700,1
219740,3
219740,7
219780,5
219830,1
219890,3
219910,3
219950,3
219990,3
219990,5
220090,4
220120,1
220120,5
220121,1
220121,5
220160,8
220200,7
220240,3
220260,7
220285,7
220440,0
220460,0
220660,4
220740,3
220780,4
220820,4
220823,0
220823,8
220824,4
220825,0
220825,8
220860,3
220900,0
220900,4
221020,4
221020,7
221040,0
221100,0
221100,9
221180,2
221260,6
221380,2
221540,2
221640,4
221680,7
221830,3
221910,3
222021,0
222041,7
222042,7
222043,7
222044,7
222050,7
222051,7
222052,7
222053,7
222054,7
222055,7
222056,7
222057,7
222058,7
222059,7
222060,7
222061,7
222062,7
222063,7
222064,7
222065,7
222066,7
222067,7
222068,7
222069,7
222070,7
222071,7
222072,7
222073,7
222074,7
222075,7
222076,7
222077,7
222078,7
222079,7
222080,7
222081,7
222082,7
222083,7
222084,7
222085,7
222086,7
222087,7
222088,7
222089,7
222090,7
222091,7
222092,7
222093,7
222094,7
222095,7
222096,7
222097,7
222098,7
222099,7
222100,7
222101,7
222102,7
222103,7
222104,7
222105,7
222106,7
222107,7
222108,7
222109,7
222110,7
222111,7
222112,7
222113,7
222114,7
222115,7
222116,7
222117,7
222118,7
222119,7
222120,7
222121,7
222122,7
222137,7
222138,7
222140,4
222160,3
222180,0
222221,6
222222,6
222223,6
222240,3
222280,0
222280,9
222380,0
222440,0
222480,3
222500,1
222500,8
222520,4
222520,5
222542,7
222544,7
222547,7
222549,7
222551,7
222555,7
222557,7
222561,7
222564,7
222568,7
222570,7
222574,7
222576,7
222579,7
222581,7
222583,7
222585,7
222587,7
222589,7
222591,7
222594,7
222596,7
222598,7
222601,7
222603,7
222606,7
222608,7
222610,7
222612,7
222615,7
222617,7
222619,7
222622,7
222624,7
222627,7
222630,7
222632,7
222634,7
222636,7
222639,7
222640,2
222660,4
222680,2
222680,4
222730,7
222750,4
222750,2
222880,0
222880,2
222980,0
222980,5
223000,6
223100,3
223220,0
223261,0
223261,4
223262,4
223280,6
223410,4
223410,5
223430,3
223430,5
223450,0
223450,8
223470,3
223490,6
223490,5
223490,2
223510,0
223510,4
223593,7
223595,7
223598,7
223630,1
223630,5
223710,0
223710,4
223730,3
223732,4
223750,7
223790,0
223793,0
223810,3
223830,4
223830,2
224000,7
224040,3
224040,8
224140,5
224141,5
224142,5
224143,5
224144,5
224145,5
224160,5
224161,5
224162,5
224163,5
224164,5
224165,5
224166,5
224167,5
224168,5
224180,5
224200,5
224260,1
224300,0
224440,4
224440,7
224440,13
224460,4
224462,4
224480,3
224500,4
224500,2
224820,0
224840,0
224860,4
224900,0
224900,2
224920,3
224940,3
224960,3
224980,3
225000,3
225080,0
225080,4
225200,6
225260,0
225260,2
225280,4
225300,0
225320,0
225340,2
225360,5
225420,2
225426,7
225429,7
225431,7
225434,7
225540,0
225600,0
225640,5
225700,2
225780,4
225820,5
225821,5
225822,5
225823,5
225824,5
225825,5
225826,5
225827,5
225828,5
225829,5
225830,5
225831,5
225832,5
225833,5
225834,5
225840,6
225840,4
225860,5
226100,6
226100,2
226120,6
226120,2
226280,4
226350,2
226370,2
226390,2
226459,3
226620,3
226620,4
226620,2
226662,2
226664,2
226665,2
226666,2
226667,7
226668,5
226668,2
226669,7
226670,5
226670,2
226671,7
226672,5
226672,2
226673,7
226700,0
226700,4
226700,5
226740,3
226740,4
226740,7
226780,12
226840,5
226860,4
226960,6
226960,2
227000,4
227020,2
227060,5
227060,2
227080,6
227090,3
227100,0
227160,4
227180,1
227180,9
227180,7
227200,0
227200,4
227220,3
227220,5
227300,4
227310,4
227380,0
227380,6
227400,4
227400,5
227440,9
227480,0
227560,4
227563,4
227580,6
227580,5
227600,6
227760,2
227780,4
227800,4
227860,7
227940,0
227940,4
227940,2
228200,2
228260,5
228280,3
228300,0
228320,0
228320,4
228360,3
228380,4
228380,7
228440,4
228560,0
228601,2
228760,12
228960,2
229190,0
229230,0
229270,0
229310,0
229480,3
229520,6
229520,2
229560,4
229560,13
229580,4
229600,4
229621,0
229622,0
229626,0
229627,0
229628,0
229629,0
229660,8
229751,5
229752,16
229753,16
229754,16
229755,16
229790,5
229810,0
229870,0
229890,6
229890,8
229970,2
230070,4
230090,0
230150,0
230150,6
230150,7
230190,7
230210,3
230230,3
230230,5
230270,0
230290,4
230290,13
230310,1
230310,5
230410,0
230410,5
230650,7
230650,2
230690,7
230690,2
230691,7
230691,2
230692,7
230692,2
230700,3
230760,6
230820,3
230840,0
230840,6
230860,0
230860,4
230880,0
230880,2
230882,4
230883,0
230883,2
230884,4
230885,0
230885,2
230886,4
230887,0
230887,2
230888,4
230889,0
230889,2
230890,4
230891,0
230891,2
230892,4
230900,2
230980,3
231020,4
231040,0
231040,6
231140,7
231160,3
231200,3
231310,3
231330,0
231430,2
231454,2
231456,2
231458,2
231460,2
231462,2
231464,2
231466,2
231468,2
231470,2
231472,2
231474,2
231476,2
231478,2
231480,2
231482,2
231484,2
231486,2
231488,2
231490,2
231492,2
231505,2
231507,2
231720,4
231740,5
231801,3
231910,0
231910,6
232010,7
232050,5
232090,0
232430,4
232530,3
232550,3
232570,3
232590,3
232647,0
232750,5
232770,4
232790,6
232810,4
232810,2
232890,7
232910,8
232950,7
232970,6
232990,0
232990,4
233110,2
233130,3
233150,4
233190,0
233210,0
233230,3
233270,0
233290,0
233290,5
233310,5
233350,0
233350,5
233410,0
233450,7
233470,3
233470,5
233510,4
233530,4
233550,3
233590,5
233591,4
233591,2
233592,5
233610,0
233610,8
233700,4
233700,2
233720,4
233740,4
233840,2
233860,4
233860,7
233920,0
233960,0
233980,4
234080,0
234140,0
234160,0
234180,0
234180,7
234190,4
234210,0
234250,0
234270,6
234290,0
234290,4
234330,1
234350,6
234370,3
234390,0
234490,0
234490,8
234570,0
234570,4
234570,7
234630,7
234650,3
234650,5
234670,0
234770,0
234772,0
234774,0
234776,0
234778,0
234780,0
234782,0
234784,0
234786,0
234788,0
234790,0
234792,0
234794,0
234860,7
234880,0
234880,2
234900,3
234920,3
234920,4
234940,3
234940,4
235070,4
235130,2
235140,0
235140,2
235150,2
235210,0
235230,2
235250,4
235320,4
235360,6
235360,5
235380,2
235400,1
235400,9
235400,2
235520,4
235540,0
235580,2
235585,2
235600,3
235620,4
235660,4
235720,0
235720,2
235820,0
235883,0
235883,9
235883,2
235940,2
235960,7
235980,4
236010,4
236080,3
236090,3
236090,5
236110,1
236110,5
236130,4
236150,0
236150,7
236370,0
236370,5
236370,13
236390,1
236390,7
236430,5
236490,0
236510,0
236510,2
236660,2
236660,6
236690,2
236730,4
236790,6
236850,7
236870,0
236930,4
237010,0
237010,2
237030,6
237030,2
237050,4
237070,0
237070,2
237090,4
237310,0
237310,6
237310,9
237350,4
237350,2
237430,5
237450,0
237470,2
237550,4
237570,4
237618,0
237619,0
237620,0
237621,0
237630,0
237630,6
237740,3
237760,0
237800,0
237810,3
237810,5
237850,3
237870,0
237870,4
237870,7
237890,5
237930,0
237930,5
237950,2
237970,4
237990,5
238010,0
238050,0
238090,0
238210,0
238230,0
238230,5
238240,0
238240,4
238260,1
238280,0
238280,5
238300,3
238301,3
238302,3
238303,3
238304,3
238320,3
238370,0
238430,0
238430,4
238450,4
238450,2
238460,3
238460,4
238530,6
238570,0
238630,0
238750,5
238870,2
238890,7
238900,4
238900,2
238910,5
238930,6
238930,7
238950,4
238960,0
238960,1
238960,9
238991,7
239030,4
239070,3
239070,5
239090,4
239140,0
239160,0
239200,0
239200,4
239250,3
239380,1
239380,5
239391,7
239430,0
239430,4
239700,4
239800,4
239820,4
239820,2
239840,5
239970,3
239970,2
240300,7
240320,0
240320,9
240340,0
240340,6
240360,3
240440,0
240440,4
240500,7
240600,7
240611,8
240611,12
240612,7
240620,0
240620,4
240660,0
240660,4
240760,3
240760,5
240820,0
240970,0
240970,5
241000,2
241240,4
241260,3
241280,4
241300,4
241320,3
241364,7
241368,7
241369,7
241370,7
241371,7
241372,7
241373,7
241410,0
241410,2
241540,5
241560,0
241560,8
241600,3
241600,5
241620,5
241720,4
241760,3
241910,3
241950,4
242050,3
242110,6
242110,8
242120,6
242120,8
242130,4
242270,0
242300,0
242300,2
242310,4
242530,0
242550,3
242630,2
242680,0
242680,5
242720,0
242720,4
242760,3
242760,7
242780,4
242820,4
242840,3
242840,5
242860,4
242860,7
242880,0
242920,4
242920,2
242960,0
243000,5
243060,0
243160,3
243200,3
243220,4
243240,3
243240,4
243280,0
243280,2
243360,12
243450,8
243450,12
243470,3
243800,0
243800,12
243930,5
243950,5
243970,0
243970,2
244050,1
244060,7
244062,7
244064,7
244066,7
244070,2
244090,2
244160,2
244210,8
244210,12
244410,7
244430,3
244450,0
244450,2
244590,4
244610,0
244690,4
244710,4
244730,4
244750,4
244770,0
244770,4
244770,7
244770,13
244810,3
244810,4
244850,4
244850,2
244870,4
244890,4
244910,4
244930,4
244930,12
244950,6
245010,0
245050,5
245150,3
245150,4
245170,4
245220,7
245280,3
245300,3
245390,3
245410,5
245430,5
245450,5
245470,7
245490,8
245580,7
245620,7
245660,2
245730,3
245890,0
245910,0
245930,0
245950,0
245970,0
246010,6
246030,6
246050,6
246070,3
246070,4
246090,7
246110,4
246250,0
246252,0
246254,0
246256,0
246300,0
246300,4
246300,13
246360,4
246580,0
246620,4
246620,2
246680,3
246720,3
246720,4
246740,3
246760,3
246760,5
246800,0
246820,0
246820,6
246820,13
246840,3
246880,0
246880,13
246900,7
246920,4
246940,2
246960,4
246980,6
247000,4
247000,2
247020,4
247020,2
247080,4
247120,0
247140,6
247190,1
247190,5
247240,3
247290,0
247291,0
247292,0
247293,0
247294,0
247295,0
247297,0
247298,0
247299,0
247300,0
247301,0
247302,0
247303,0
247304,0
247305,0
247306,0
247307,0
247308,0
247309,0
247310,13
247350,0
247350,7
247370,4
247660,0
247710,1
247710,9
247710,2
247870,5
247870,2
247910,3
247950,5
248160,9
248190,3
248270,6
248270,7
248290,4
248290,2
248310,4
248330,4
248350,0
248370,7
248390,5
248390,2
248410,4
248450,0
248450,5
248470,0
248470,4
248490,6
248510,4
248530,0
248530,6
248530,7
248550,0
248550,4
248570,1
248570,2
248610,4
248610,2
248630,4
248630,13
248650,6
248710,0
248710,5
248730,4
248750,7
248751,7
248752,7
248753,7
248754,7
248755,7
248756,7
248757,7
248800,6
248800,5
248820,4
248860,4
248860,2
248970,4
249050,4
249050,2
249082,2
249085,2
249087,2
249090,2
249094,2
249101,2
249103,2
249105,2
249107,2
249109,2
249111,2
249113,2
249115,2
249117,2
249130,3
249170,5
249181,7
249230,5
249270,5
249310,7
249330,4
249330,2
249360,5
249360,2
249550,9
249570,4
249570,2
249610,0
249610,4
249630,3
249630,5
249650,5
249680,0
249730,0
249760,1
249760,5
249770,9
249870,0
249870,6
249910,0
249910,5
249911,1
249911,5
249912,4
249913,0
249913,5
249920,15
249921,15
249922,15
249923,15
249950,0
249950,4
249990,0
249990,4
250030,3
250050,0
250050,6
250070,0
250110,0
250180,0
250260,4
250310,1
250320,0
250320,6
250340,4
250380,4
250400,3
250420,0
250420,1
250420,9
250440,0
250460,6
250460,7
250500,3
250520,4
250540,0
250540,5
250540,13
250560,5
250580,4
250600,6
250600,4
250620,3
250680,3
250680,5
250700,4
250720,4
250760,0
250760,4
250900,0
250990,7
251060,4
251060,2
251080,4
251081,0
251081,2
251110,4
251130,5
251150,5
251210,6
251210,2
251230,3
251270,3
251270,5
251310,3
251370,0
251390,0
251390,4
251390,2
251410,4
251430,4
251450,5
251470,4
251510,0
251510,4
251530,2
251570,3
251570,5
251570,2
251590,3
251590,5
251590,13
251650,0
251650,4
251690,0
251690,12
251730,4
251830,0
251830,4
251850,3
251870,3
251890,4
251890,13
251910,2
251950,1
251950,9
251950,7
251950,13
251990,5
251990,2
252010,4
252030,4
252050,7
252070,4
252090,7
252110,0
252110,7
252130,6
252150,6
252170,0
252230,0
252250,4
252250,2
252270,4
252310,0
252330,0
252330,4
252350,4
252370,4
252390,7
252410,0
252410,4
252430,4
252450,2
252470,3
252470,5
252470,2
252490,3
252490,9
252530,6
252550,3
252550,4
252570,3
252610,0
252610,5
252630,3
252630,5
252670,6
252690,4
252690,2
252730,6
252750,0
252750,6
252750,2
252830,3
252870,0
252870,4
252890,3
252910,7
252970,4
253030,0
253030,8
253110,4
253150,4
253150,2
253230,4
253250,7
253290,0
253310,3
253330,3
253350,0
253390,0
253390,4
253410,0
253410,4
253430,11
253430,3
253510,4
253570,0
253610,0
253630,4
253630,2
253650,6
253650,7
253690,3
253690,4
253710,3
253710,7
253750,0
253770,7
253790,2
253840,3
253860,2
253900,7
253920,5
253940,5
253980,0
254060,5
254080,2
254200,3
254200,4
254200,7
254260,0
254290,7
254291,7
254320,4
254320,2
254370,5
254440,6
254440,7
254440,2
254460,3
254480,3
254590,7
254700,3
254840,2
254860,2
254900,2
254940,0
254960,0
254960,2
255050,3
255070,3
255140,3
255140,5
255163,0
255240,4
255252,0
255252,9
255252,2
255280,3
255300,3
255320,3
255340,0
255340,4
255370,4
255520,14
255520,7
255710,2
255910,4
255940,3
255960,7
255980,5
256010,5
256030,4
256070,8
256180,4
256190,0
256240,3
256270,3
256320,0
256321,0
256330,8
256370,7
256390,8
256390,12
256440,4
256460,4
256501,0
256501,2
256502,4
256503,0
256503,2
256504,4
256505,0
256505,2
256506,4
256507,0
256507,2
256510,4
256520,7
256522,7
256524,7
256526,7
256529,7
256533,7
256535,7
256549,7
256554,7
256570,7
256611,7
257030,4
257050,3
257070,0
257120,0
257120,2
257170,5
257170,2
257260,3
257302,1
257302,12
257310,3
257310,4
257320,5
257350,3
257370,0
257370,5
257371,3
257420,0
257420,4
257510,3
257630,0
257670,6
257670,2
257690,4
257710,1
257730,4
257730,2
257750,3
257750,4
257770,4
257790,0
257790,8
257790,12
257830,4
257850,3
257850,5
257870,4
257930,4
257930,2
257970,4
257990,6
258010,0
258010,5
258050,4
258070,0
258090,3
258090,5
258180,3
258220,0
258270,2
258342,7
258343,7
258344,7
258345,7
258346,7
258347,7
258348,7
258349,7
258350,7
258351,7
258352,7
258353,7
258354,7
258355,7
258356,7
258357,7
258358,7
258359,7
258360,7
258361,7
258362,7
258363,7
258364,7
258365,7
258366,7
258367,7
258368,7
258369,7
258370,7
258371,7
258372,7
258373,7
258374,7
258375,7
258376,7
258377,7
258378,7
258379,7
258380,7
258381,7
258382,7
258383,7
258384,7
258385,7
258386,7
258388,7
258389,7
258390,7
258391,7
258392,7
258393,7
258394,7
258395,7
258396,7
258397,7
258398,7
258399,7
258400,7
258401,7
258402,7
258403,7
258404,7
258405,7
258406,7
258407,7
258408,7
258409,7
258410,7
258411,7
258412,7
258413,7
258414,7
258415,7
258416,7
258417,7
258418,7
258419,7
258420,2
258460,7
258470,4
258500,4
258501,0
258501,2
258502,4
258510,17
258512,17
258520,4
258541,0
258543,0
258590,3
258641,7
258643,7
258645,7
258647,7
258650,7
258653,7
258655,7
258657,7
258659,7
258663,7
258668,7
258674,7
258678,7
258700,3
258700,9
258741,16
258742,16
258743,16
258744,16
258745,16
258750,0
258752,0
258760,7
258804,9
258810,4
258810,2
258812,5
258813,4
258813,2
258814,5
258815,4
258815,2
258816,5
258817,4
258817,2
258850,4
258851,6
258851,2
258852,4
258880,7
258890,3
258890,4
258930,6
258930,5
258950,3
258970,0
258970,5
258992,7
259000,4
259040,0
259040,7
259041,5
259060,4
259080,0
259110,6
259120,0
259121,0
259122,0
259130,3
259130,5
259170,0
259190,0
259210,0
259230,4
259240,4
259250,0
259252,0
259320,0
259340,0
259340,4
259380,5
259381,5
259390,4
259410,6
259410,5
259450,0
259450,7
259470,4
259510,4
259530,0
259550,3
259550,4
259570,0
259570,4
259570,13
259590,4
259591,6
259591,2
259592,4
259600,3
259620,0
259620,5
259640,3
259660,0
259660,4
259660,2
259680,4
259700,0
259720,3
259720,7
259760,3
259760,5
259780,6
259800,2
259810,3
259810,4
259830,4
259870,2
259890,6
259890,9
259890,2
259900,3
259940,6
259960,6
259980,6
260000,6
260020,6
260040,6
260060,6
260080,6
260130,3
260130,2
260160,3
260190,0
260210,0
260230,3
260250,4
260291,2
260293,2
260330,0
260330,2
260380,2
260410,1
260430,6
260430,9
260510,7
260530,4
260550,3
260570,3
260650,0
260710,3
260730,2
260750,6
260790,3
260850,2
260860,2
260880,4
260910,0
260911,0
260920,0
260930,7
260960,5
261030,3
261070,4
261160,0
261161,5
261180,4
261210,3
261210,5
261220,6
261220,4
261340,5
261350,3
261350,4
261350,13
261390,4
261391,4
261392,4
261393,4
261394,4
261395,4
261396,4
261397,4
261398,4
261399,4
261400,4
261401,4
261402,4
261403,4
261404,4
261405,4
261406,4
261407,4
261408,4
261409,4
261410,4
261411,4
261412,4
261420,6
261420,5
261421,3
261421,4
261421,2
261430,9
261470,7
261510,3
261530,0
261530,4
261550,5
261550,2
261570,0
261600,12
261640,5
261680,4
261700,4
261720,6
261720,5
261740,0
261760,0
261760,5
261880,6
261900,0
261900,4
261940,3
261940,4
261960,6
262000,3
262060,5
262080,0
262100,0
262100,4
262120,6
262120,7
262142,3
262142,5
262150,6
262190,0
262210,0
262210,6
262230,3
262240,0
262260,0
262280,5
262280,2
262300,4
262370,0
262370,4
262370,13
262390,3
262410,1
262410,7
262450,4
262470,0
262470,6
262470,5
262510,4
262550,4
262590,3
262630,0
262630,4
262690,4
262750,0
262750,7
262770,0
262770,4
262790,4
262810,3
262830,0
262830,5
262850,4
262900,6
262900,7
262920,0
262940,3
262960,3
262960,5
262980,4
263020,6
263020,12
263040,6
263040,5
263040,2
263060,0
263100,4
263120,4
263140,3
263140,5
263180,6
263200,0
263200,6
263200,5
263300,0
263320,5
263340,3
263360,0
263360,5
263380,4
263400,3
263400,2
263420,6
263420,12
263460,6
263480,0
263500,0
263500,1
263500,5
263520,6
263540,1
263540,9
263560,3
263560,5
263620,4
263640,3
263680,0
263700,0
263700,6
263720,0
263720,4
263740,4
263740,12
263760,4
263800,2
263820,3
263820,5
263860,2
263880,4
263920,3
263920,5
263940,7
263960,3
263980,0
263980,4
264000,3
264060,3
264060,4
264080,3
264080,8
264120,4
264120,7
264140,3
264140,5
264160,0
264160,5
264200,0
264200,4
264220,3
264240,0
264240,4
264280,0
264300,0
264300,4
264320,3
264340,0
264340,6
264380,4
264440,0
264440,13
264460,3
264520,3
264540,0
264560,3
264560,5
264580,6
264600,12
264610,5
264680,1
264680,2
264681,1
264681,2
264682,1
264682,2
264683,1
264683,2
264690,5
264710,4
264730,4
264830,7
264840,4
264841,3
264841,5
265000,4
265000,2
265090,9
265120,4
265130,1
265131,1
265132,1
265170,0
265190,0
265190,5
265191,3
265192,0
265192,5
265193,3
265210,14
265210,7
265240,2
265300,5
265330,4
265380,3
265460,16
265461,16
265462,16
265462,15
265463,15
265464,15
265465,15
265470,3
265470,5
265590,0
265590,2
265610,5
265630,1
265670,3
265690,3
265730,0
265730,6
265730,5
265750,4
265770,1
265770,9
265790,4
265810,4
265810,2
265830,3
265870,3
265870,4
265870,2
265890,4
265930,6
265930,7
265950,4
265970,2
265990,5
266010,4
266030,4
266050,0
266050,4
266090,5
266110,0
266130,0
266130,7
266170,0
266170,5
266190,3
266190,5
266210,4
266230,4
266250,0
266270,6
266290,7
266330,4
266370,8
266390,6
266390,7
266410,9
266410,7
266430,6
266430,4
266470,0
266470,7
266490,3
266490,5
266510,4
266590,19
266590,20
266590,18
266730,3
266740,5
266840,2
266880,1
266880,5
266930,7
266931,7
267060,6
267220,0
267220,4
267220,2
267340,4
267360,0
267380,5
267381,5
267490,3
267530,3
267600,9
267600,2
267630,2
267650,20
267650,15
267651,20
267651,15
267652,20
267652,15
267655,20
267655,15
267660,1
267670,5
267730,4
267770,4
267770,2
267771,5
267772,4
267772,2
267773,5
267774,4
267774,2
267775,5
267776,4
267776,2
267777,5
267778,4
267778,2
267780,5
267781,4
267781,2
267782,5
267783,4
267783,2
267784,5
267785,4
267785,2
267786,5
267787,4
267787,2
267788,5
267789,4
267789,2
267810,20
267810,15
267880,0
267920,0
267940,8
267980,2
268080,3
268080,5
268100,0
268120,17
268122,17
268124,17
268130,0
268130,4
268200,0
268200,2
268220,4
268240,3
268260,6
268320,4
268340,3
268340,5
268360,8
268420,3
268420,1
268420,5
268520,0
268520,4
268540,4
268560,3
268610,15
268611,15
268612,15
268613,15
268614,15
268650,3
268650,7
268670,0
268670,4
268670,13
268750,0
268750,4
268770,3
268870,0
268870,2
268910,0
268930,3
268930,5
268970,4
268970,13
268990,4
269010,5
269030,5
269050,4
269110,6
269110,5
269150,6
269150,7
269170,4
269170,12
269190,0
269190,4
269190,2
269210,3
269210,9
269230,0
269250,4
269270,4
269310,3
269310,5
269310,2
269330,4
269350,4
269370,0
269370,5
269490,0
269490,6
269490,5
269530,0
269530,9
269590,4
269590,2
269610,0
269610,13
269610,2
269630,4
269650,3
269650,5
269670,3
269690,3
269690,5
269710,6
269710,2
269730,12
269770,3
269770,5
269790,3
269810,0
269810,4
269850,6
269890,3
269950,7
269990,4
270010,6
270030,0
270030,4
270030,12
270050,4
270070,0
270070,4
270090,0
270110,0
270110,4
270130,3
270130,4
270150,4
270170,4
270170,7
270190,6
270210,4
270230,6
270270,0
270270,5
270310,4
270330,3
270430,0
270430,4
270450,0
270450,12
270490,4
270510,0
270550,0
270550,4
270570,3
270570,4
270590,3
270610,0
270610,4
270630,0
270630,4
270650,4
270700,5
270760,5
270790,3
270790,5
270810,0
270810,4
270830,7
270870,0
270870,1
270870,9
270871,0
270871,1
270871,9
270880,4
270910,0
270910,2
270940,16
270940,21
270941,16
270941,21
270942,19
270942,20
270942,18
270950,7
271030,12
271100,3
271240,4
271240,2
271260,3
271260,5
271360,7
271370,7
271390,7
271400,4
271410,7
271411,7
271412,7
271413,7
271414,7
271415,7
271416,7
271417,7
271418,7
271419,7
271420,7
271421,7
271422,7
271423,7
271424,7
271425,7
271426,7
271427,7
271428,7
271429,7
271430,7
271431,7
271432,7
271433,7
271438,7
271439,7
271440,7
271441,7
271442,7
271443,7
271444,7
271445,7
271446,7
271447,7
271448,7
271449,7
271450,7
271451,7
271452,7
271453,7
271454,7
271455,7
271456,7
271457,7
271458,7
271459,7
271460,7
271461,7
271462,7
271463,7
271464,7
271465,7
271466,7
271467,7
271468,7
271469,7
271470,7
271471,7
271472,7
271473,7
271474,7
271475,7
271476,7
271477,7
271478,7
271479,7
271480,7
271481,7
271489,7
271490,7
271491,7
271492,7
271497,7
271498,7
271499,7
271550,6
271550,2
271570,4
271590,3
271640,4
271670,4
271730,3
271730,2
271820,3
271820,4
271850,7
271860,4
271900,4
271920,7
271942,5
271943,5
271944,5
271960,15
271961,15
271962,15
271963,15
271964,15
271970,5
271990,6
271990,5
272010,3
272010,4
272040,6
272060,3
272080,6
272080,7
272080,2
272083,4
272083,12
272084,6
272084,7
272084,2
272090,4
272090,12
272230,0
272230,9
272270,3
272270,5
272330,0
272470,0
272470,4
272510,0
272600,3
272620,0
272680,0
272680,4
272690,4
272700,3
272710,3
272890,12
272920,4
272920,13
272990,4
273030,12
273070,4
273070,2
273110,6
273110,9
273150,3
273151,3
273152,3
273153,3
273300,3
273370,4
273381,2
273500,4
273540,8
273540,12
273580,0
273600,0
273670,0
273670,7
273680,4
273700,0
273730,6
273730,8
273740,7
273750,7
273760,7
273770,2
273800,7
273830,0
273840,8
273840,12
273860,7
273890,6
273890,4
273890,12
273960,0
273960,7
274010,0
274050,4
274050,2
274121,0
274123,0
274170,0
274190,0
274190,6
274230,0
274250,4
274270,0
274270,4
274290,4
274310,5
274350,4
274480,4
274500,0
274520,0
274520,4
274560,0
274560,4
274700,4
274880,4
274880,12
274900,6
274940,0
274960,4
274960,7
274960,13
274980,7
275050,0
275060,0
275080,6
275080,7
275100,6
275125,7
275134,7
275139,7
275163,7
275180,3
275180,5
275200,3
275240,4
275290,2
275330,6
275350,2
275390,3
275470,0
275470,2
275490,6
275510,2
275530,2
275560,2
275570,5
275590,5
275670,2
275690,5
275700,7
275800,7
275805,7
275807,7
275810,6
275830,6
275850,0
276190,0
276220,7
276240,7
276300,7
276340,6
276340,12
276360,7
276380,6
276430,6
276440,4
276460,6
276730,4
276810,5
276870,4
276870,2
276890,0
276890,5
277110,6
277270,6
277390,4
277430,0
277460,4
277470,3
277470,5
277490,4
277500,6
277500,7
277510,3
277510,4
277520,3
277540,6
277560,6
277590,0
277630,7
277650,0
277650,4
277670,0
277672,0
277674,0
277676,0
277678,0
277680,6
277700,4
277720,19
277720,18
277721,19
277721,18
277731,7
277733,7
277736,7
277739,7
277741,7
277745,7
277748,7
277751,7
277753,7
277755,7
277757,7
277759,7
277761,7
277763,7
277765,7
277768,7
277770,7
277773,7
277775,7
277777,7
277820,0
277820,12
277821,8
277830,0
277840,16
277841,16
277842,16
277843,16
277844,16
277845,16
277846,16
277850,4
277870,0
277870,4
277890,0
277890,4
277910,4
277910,7
277930,4
277930,13
278080,0
278120,6
278120,4
278120,2
278360,3
278360,4
278420,3
278440,4
278460,6
278480,7
278490,3
278490,4
278510,0
278530,4
278550,7
278570,6
278590,6
278590,5
278620,3
278620,5
278640,3
278710,7
278711,7
278712,7
278720,6
278810,0
278810,4
278850,0
278890,4
278910,2
278930,4
278970,3
279070,3
279070,5
279090,7
279110,5
279112,0
279140,4
279140,2
279160,3
279260,4
279420,7
279440,3
279440,5
279480,6
279500,3
279520,6
279520,8
279540,6
279560,3
279580,3
279580,4
279600,7
279601,5
279601,2
279602,2
279603,2
279620,2
279621,2
279622,2
279623,2
279640,2
279800,3
279820,4
279830,4
279920,0
279940,3
279990,4
279990,7
280010,4
280030,0
280031,0
280032,0
280040,0
280040,5
280140,6
280140,5
280160,3
280180,0
280200,0
280220,4
280220,2
280320,4
280360,3
280360,5
280360,2
280380,2
280460,4
280500,4
280520,0
280520,4
280540,6
280540,7
280560,0
280600,0
280600,5
280620,9
280640,0
280640,5
280720,7
280790,0
280790,6
280790,4
280790,5
280830,6
280830,12
280850,3
280890,0
280890,4
280930,6
280930,2
281050,6
281050,4
281060,6
281080,3
281080,4
281100,18
281102,18
281103,18
281220,0
281260,0
281340,0
281342,0
281344,0
281346,0
281350,2
281390,2
281430,5
281511,2
281580,7
281600,5
281601,3
281601,2
281602,5
281603,3
281603,2
281604,5
281606,3
281606,2
281607,5
281610,2
281640,5
281750,3
281750,4
281770,5
281820,0
281820,6
281840,4
281860,4
281920,3
281940,0
281940,4
281990,2
282010,4
282030,0
282030,8
282050,7
282070,3
282070,7
282100,3
282100,4
282140,0
282140,4
282280,0
282280,5
282370,4
282400,2
282470,3
282470,7
282512,0
282514,0
282516,0
282530,0
282550,7
282560,2
282590,2
282620,4
282640,0
282640,4
282680,2
282740,6
282740,13
282760,4
282780,3
282800,4
282860,0
282860,5
282880,6
282880,2
282900,5
283000,4
283020,4
283040,3
283040,5
283060,6
283060,9
283080,0
283080,4
283160,0
283160,7
283180,4
283230,6
283270,0
283270,2
283290,3
283330,0
283370,0
283410,0
283430,3
283490,12
283530,2
283540,15
283541,15
283542,15
283550,15
283551,15
283552,15
283580,7
283600,4
283620,6
283620,7
283640,4
283660,0
283660,4
283680,4
283740,7
283750,4
283811,4
283811,2
283812,12
283813,4
283813,2
283820,4
283840,4
283880,1
283880,5
283920,6
283940,6
283960,6
283980,6
284000,6
284020,6
284070,0
284070,1
284080,0
284080,1
284100,7
284140,0
284140,4
284160,8
284160,13
284180,3
284200,6
284220,0
284240,3
284260,4
284290,7
284390,4
284410,3
284440,5
284440,2
284441,7
284450,0
284460,0
284500,0
284500,1
284500,5
284710,6
284730,6
284750,6
284770,6
284830,6
284870,3
284890,3
284910,0
284910,13
284930,4
284950,6
284950,7
284970,4
284990,4
285010,6
285010,7
285070,0
285070,4
285110,7
285130,6
285130,2
285160,3
285190,7
285310,7
285330,7
285350,4
285380,6
285380,2
285420,5
285460,15
285461,15
285462,15
285470,6
285480,2
285500,8
285520,0
285550,3
285670,0
285670,6
285670,7
285730,6
285730,7
285730,2
285740,4
285800,3
285800,4
285800,2
285820,4
285840,0
285900,0
285900,6
285900,7
285920,4
285980,4
286000,6
286000,2
286040,4
286100,4
286140,3
286160,6
286160,5
286160,2
286200,6
286200,5
286220,5
286240,8
286240,12
286280,7
286300,4
286320,4
286360,4
286380,4
286460,3
286520,0
286520,2
286630,0
286632,0
286634,0
286636,0
286660,4
286670,4
286671,0
286671,2
286730,0
286750,6
286750,2
286790,7
286810,8
286830,8
286880,3
286930,0
286930,5
286960,7
286961,4
286961,2
286962,7
286963,4
286963,2
286964,7
286965,4
286965,2
286966,7
286970,4
286970,2
286971,7
286972,4
286972,2
287070,2
287091,2
287093,2
287095,2
287100,4
287120,6
287140,6
287140,9
287200,6
287200,7
287220,6
287220,7
287290,0
287330,8
287371,2
287450,7
287550,3
287580,7
287600,3
287600,4
287630,3
287700,0
287720,3
287740,3
287740,4
287760,16
287840,0
287840,4
287860,4
287920,0
287920,4
287920,5
287960,2
287980,7
288000,0
288000,4
288020,3
288040,3
288060,3
288080,0
288080,4
288100,0
288120,4
288120,2
288140,7
288140,2
288160,4
288220,7
288240,2
288260,6
288260,2
288310,4
288370,4
288500,3
288500,4
288520,8
288520,2
288610,4
288630,3
288650,8
288670,6
288690,6
288710,7
288750,3
288790,3
288840,3
288860,3
288860,5
288880,3
288930,3
288940,3
288970,3
289060,4
289070,2
289090,6
289090,5
289130,5
289180,0
289180,7
289200,2
289220,5
289260,3
289300,0
289300,2
289320,6
289360,5
289400,0
289400,7
289440,2
289460,8
289480,3
289500,2
289520,2
289600,5
289620,0
289650,0
289690,0
289730,0
289733,0
289760,0
289760,4
289760,2
289800,6
289820,6
289840,6
289880,5
289881,5
289890,7
289930,6
289930,2
289950,7
289980,4
290000,6
290020,4
290040,0
290040,4
290060,4
290080,4
290080,7
290180,3
290180,4
290280,0
290300,0
290300,4
290300,7
290320,3
290340,3
290340,5
290380,6
290400,5
290402,5
290404,5
290406,5
290440,4
290460,5
290470,3
290470,9
290490,0
290510,3
290510,4
290530,4
290650,3
290650,4
290690,0
290730,6
290730,4
290730,2
290770,3
290790,2
290850,0
290850,5
290870,4
290890,0
290890,4
290890,2
290970,7
290990,6
290990,7
291010,3
291030,6
291030,7
291050,5
291070,0
291130,0
291130,6
291170,6
291170,2
291190,5
291250,0
291250,4
291270,0
291270,4
291290,6
291330,0
291330,4
291370,4
291370,13
291390,4
291430,6
291450,4
291450,7
291470,16
291471,16
291472,16
291473,16
291474,16
291480,0
291480,1
291480,5
291480,2
291550,1
291610,4
291640,3
291690,3
291710,3
291750,3
291770,3
291790,6
291790,5
291840,5
291860,0
291860,5
291900,4
291900,2
291910,7
291930,2
291960,3
291960,2
292000,4
292020,0
292030,5
292050,4
292060,0
292120,5
292160,2
292200,6
292200,2
292220,4
292240,3
292260,3
292280,3
292300,3
292320,4
292330,4
292330,2
292370,5
292380,8
292400,3
292400,5
292420,0
292480,0
292500,0
292500,4
292570,4
292600,4
292630,3
292630,4
292670,3
292710,3
292711,3
292712,3
292720,4
292721,1
292721,2
292722,4
292730,0
292760,2
292780,6
292800,6
292820,6
292860,6
292900,4
292900,2
292930,3
292980,2
292981,7
292982,5
292982,2
292983,2
292984,7
292985,7
292990,2
293054,3
293057,3
293059,3
293061,3
293160,4
293160,2
293180,3
293200,4
293220,0
293240,0
293240,4
293260,1
293260,2
293320,4
293340,4
293420,0
293420,4
293440,3
293440,5
293460,4
293480,3
293480,4
293520,4
293540,0
293540,4
293540,5
293600,4
293660,4
293680,4
293720,4
293760,7
293760,13
293780,4
293800,7
293840,4
293860,6
293880,3
293880,4
293900,0
293900,4
293920,4
293920,7
293940,4
293940,2
293960,7
293980,3
294000,0
294020,3
294020,5
294020,2
294040,3
294040,4
294060,0
294060,4
294100,7
294140,0
294140,4
294160,4
294180,0
294180,4
294180,5
294190,4
294230,6
294280,0
294280,6
294310,4
294311,1
294311,2
294312,4
294330,4
294330,2
294340,4
294370,4
294370,2
294440,3
294460,0
294460,4
294530,6
294540,6
294550,6
294570,3
294580,3
294590,0
294600,6
294650,3
294660,3
294670,3
294680,3
294690,3
294700,3
294710,3
294720,6
294730,7
294750,0
294750,2
294770,4
294790,0
294790,2
294830,7
294860,0
294860,2
294900,7
294901,7
294902,7
294903,7
294904,7
294905,7
294906,7
294907,7
294908,7
294909,7
294910,7
294911,7
294912,7
294913,7
294914,7
294915,7
294916,7
294917,7
294918,7
294919,7
294920,7
294921,7
294922,7
294923,7
294924,7
294925,7
294926,7
294927,7
294928,7
294929,7
294930,7
294931,7
294932,7
294934,7
294935,7
294936,7
294937,7
294938,7
294939,7
294940,7
294941,7
294942,7
294943,7
294944,7
294945,7
294946,7
294947,7
294948,7
294953,7
294954,7
294955,7
294956,7
294957,7
294958,7
294959,7
294960,7
294961,7
294962,7
294963,7
294964,7
294965,7
294966,7
294967,7
294968,7
294969,7
294970,7
294971,7
294972,7
294973,7
294974,7
294975,7
294976,7
294977,7
294978,7
294979,7
294980,7
294981,7
294982,7
294983,7
294984,7
294985,7
294990,7
294992,7
294993,7
294994,7
294995,7
294996,7
294997,7
294998,7
294999,7
295000,7
295001,7
295002,7
295003,7
295004,7
295005,7
295006,7
295007,7
295008,7
295009,7
295010,7
295011,7
295012,7
295013,7
295014,7
295015,7
295016,7
295017,7
295018,7
295019,7
295020,7
295021,7
295022,7
295023,7
295024,7
295025,7
295026,7
295027,7
295028,7
295029,7
295030,7
295031,7
295032,7
295033,7
295034,7
295035,7
295036,7
295037,7
295038,7
295039,7
295040,7
295041,7
295042,7
295043,7
295044,7
295045,7
295046,7
295047,7
295048,7
295049,7
295050,7
295051,7
295052,7
295053,7
295054,7
295055,7
295056,7
295057,7
295058,7
295059,7
295060,7
295061,7
295062,7
295063,7
295064,7
295065,7
295066,7
295067,7
295068,7
295069,7
295070,7
295071,7
295072,7
295073,7
295074,7
295075,7
295076,7
295077,7
295078,7
295079,7
295080,7
295081,7
295082,7
295083,7
295084,7
295085,7
295086,7
295087,7
295088,7
295089,7
295090,7
295091,7
295092,7
295093,7
295094,7
295095,7
295096,7
295097,7
295098,7
295099,7
295174,7
295178,7
295182,7
295184,7
295190,7
295192,7
295194,7
295197,7
295199,7
295201,7
295203,7
295205,7
295207,7
295209,7
295220,2
295221,2
295222,2
295250,4
295431,0
295433,0
295435,0
295437,0
295439,0
295490,0
295490,6
295530,6
295560,4
295560,7
295590,5
295590,2
295610,3
295630,4
295650,0
295650,4
295670,4
295690,3
295710,0
295710,4
295710,8
295710,2
295730,4
295770,0
295790,3
295790,4
295870,4
295910,0
295930,6
295930,8
296010,0
296010,5
296030,3
296050,5
296070,4
296150,0
296150,7
296180,0
296180,4
296210,2
296220,6
296240,3
296240,2
296280,7
296300,0
296300,4
296360,4
296450,2
296470,7
296490,0
296490,2
296510,3
296530,5
296550,4
296590,4
296630,0
296630,1
296650,0
296650,4
296710,4
296730,3
296770,12
296790,4
296790,7
296790,13
296810,4
296830,0
296830,4
296850,3
296870,3
296870,4
296910,0
296910,4
296930,3
296930,5
296970,4
296970,2
296990,5
296990,2
297000,2
297020,6
297020,2
297050,4
297060,4
297070,3
297080,4
297110,6
297120,0
297130,0
297130,4
297140,16
297141,19
297141,15
297142,16
297143,19
297143,15
297190,3
297210,6
297210,4
297210,2
297290,6
297310,0
297310,12
297330,6
297330,7
297350,3
297370,0
297370,6
297410,0
297410,4
297450,4
297470,9
297470,13
297510,2
297512,2
297514,2
297570,2
297590,4
297640,16
297641,16
297642,16
297643,16
297644,16
297645,16
297720,3
297740,0
297750,7
297760,8
297760,12
297780,0
297780,8
297790,7
297791,7
297792,7
297793,7
297831,2
297840,7
297841,4
297841,2
297842,7
297860,0
297880,2
297891,2
297893,2
297895,2
297897,2
297920,7
297940,5
297950,12
297960,7
297970,8
297980,8
297980,12
297990,7
298020,3
298050,2
298110,3
298140,4
298160,1
298160,9
298180,0
298180,4
298220,4
298240,0
298240,1
298240,7
298260,1
298280,0
298340,0
298340,8
298360,0
298360,2
298380,6
298380,7
298400,6
298420,4
298480,7
298520,0
298520,7
298560,4
298600,4
298610,6
298620,7
298630,3
298630,7
298641,0
298641,4
298680,4
298690,4
298771,2
298790,3
298810,0
298810,4
298820,3
298820,4
298830,3
298830,4
298840,3
298840,4
298850,3
298850,4
298880,4
298930,3
298950,3
298990,0
299050,0
299070,2
299090,7
299110,3
299150,3
299170,3
299190,3
299230,5
299250,7
299260,4
299280,5
299300,5
299340,0
299340,7
299350,7
299360,1
299360,2
299380,3
299380,4
299400,4
299420,1
299420,13
299440,4
299480,0
299500,6
299540,4
299600,4
299660,0
299660,4
299680,6
299720,6
299720,2
299740,3
299740,9
299740,7
299780,3
299780,5
299800,4
299820,6
299840,0
299910,1
299910,2
299950,4
300060,4
300120,3
300150,6
300150,4
300160,7
300220,3
300220,5
300260,3
300260,8
300280,4
300300,4
300320,2
300340,3
300360,3
300380,0
300380,4
300380,7
300440,5
300442,5
300460,5
300540,3
300540,5
300550,4
300550,2
300570,7
300580,4
300610,7
300620,3
300620,4
300630,4
300630,12
300760,0
300760,2
300820,0
300840,0
300840,6
300860,6
300860,12
300870,5
300910,0
301050,4
301060,2
301111,0
301113,0
301115,0
301120,7
301140,4
301140,2
301150,6
301180,4
301190,0
301190,4
301200,6
301210,5
301220,3
301220,5
301240,5
301241,5
301242,5
301243,5
301244,5
301245,5
301246,5
301247,5
301248,5
301249,5
301250,12
301260,7
301280,0
301300,0
301300,4
301320,7
301360,4
301380,4
301420,3
301460,0
301500,0
301500,4
301520,0
301520,4
301520,5
301540,0
301540,4
301640,0
301650,2
301670,3
301700,6
301710,4
301720,3
301720,5
301750,0
301750,6
301750,7
301760,0
301760,8
301830,3
301840,4
301892,0
301893,0
301894,0
301895,0
301896,0
301897,0
301900,0
301900,8
301920,3
301920,2
301930,4
301970,0
301980,0
301990,6
302010,4
302030,5
302060,7
302080,7
302130,3
302160,3
302170,6
302180,6
302190,6
302260,0
302260,6
302290,6
302290,7
302300,5
302310,6
302310,5
302320,7
302330,0
302340,3
302360,3
302380,6
302380,4
302390,6
302450,0
302450,4
302460,6
302470,2
302490,6
302510,0
302570,3
302570,5
302570,2
302590,6
302590,4
302590,8
302590,13
302610,4
302650,4
302670,4
302670,2
302690,4
302710,4
302730,3
302750,6
302750,2
302790,4
302810,3
302810,5
302830,0
302830,13
302870,3
302910,0
302910,4
302950,6
302970,4
303210,3
303250,0
303250,9
303251,0
303251,9
303260,0
303260,4
303310,3
303330,5
303331,5
303332,5
303340,4
303360,4
303390,6
303430,0
303430,6
303470,0
303510,0
303510,6
303530,4
303550,0
303550,4
303590,6
303680,0
303680,5
303690,3
303710,6
303730,4
303790,5
303800,2
303840,0
303840,4
303860,4
303870,0
303880,4
303910,2
304010,2
304020,7
304030,9
304050,0
304050,6
304050,9
304130,0
304130,4
304131,1
304132,0
304132,4
304133,1
304134,0
304134,4
304140,7
304150,12
304170,3
304190,6
304210,7
304211,7
304212,7
304213,7
304214,7
304240,3
304290,5
304300,5
304301,5
304310,7
304320,7
304330,7
304350,4
304350,2
304360,7
304380,7
304390,0
304410,4
304430,0
304430,4
304460,4
304480,7
304500,6
304530,0
304540,12
304580,7
304590,2
304650,4
304670,6
304670,2
304690,4
304730,6
304730,7
304750,6
304850,0
304850,4
304870,3
304870,4
304910,0
304910,7
304930,3
304930,1
304950,3
304950,4
304950,7
305010,3
305030,4
305050,3
305070,0
305070,4
305150,6
305170,4
305180,0
305181,0
305182,0
305183,0
305184,0
305185,0
305186,0
305187,0
305200,4
305260,1
305260,2
305380,0
305390,2
305400,7
305460,0
305460,5
305470,4
305471,4
305472,4
305480,3
305480,4
305490,6
305490,7
305500,4
305570,6
305570,8
305620,4
305620,2
305640,5
305660,0
305660,4
305660,2
305700,6
305700,7
305720,0
305720,4
305720,7
305720,13
305740,4
305760,6
305780,3
305800,0
305820,6
305840,5
305840,2
305880,3
305920,3
305940,4
305940,2
305960,4
305960,7
305980,0
306000,3
306000,4
306020,2
306040,4
306040,2
306100,4
306130,0
306130,9
306150,2
306170,7
306171,7
306180,6
306180,4
306180,2
306200,2
306240,7
306260,4
306290,5
306290,2
306340,2
306350,8
306370,6
306370,7
306390,7
306391,5
306391,2
306392,7
306393,5
306393,2
306394,7
306395,5
306395,2
306396,7
306397,5
306397,2
306398,7
306399,5
306399,2
306401,7
306410,6
306440,0
306440,4
306460,3
306460,1
306480,6
306480,7
306490,7
306530,4
306531,4
306540,2
306550,4
306610,0
306630,7
306640,2
306660,7
306670,0
306680,6
306690,0
306700,0
306760,3
306850,4
306850,2
306890,4
306910,3
306910,9
306930,1
306930,2
307010,3
307010,5
307030,3
307050,3
307050,4
307070,4
307090,0
307090,13
307110,4
307130,0
307130,4
307150,3
307150,5
307170,0
307170,4
307190,6
307210,0
307210,5
307230,4
307270,4
307290,6
307290,4
307330,2
307350,0
307390,6
307390,12
307420,1
307500,3
307500,4
307550,0
307550,4
307570,3
307570,4
307580,4
307590,4
307610,4
307620,4
307650,0
307650,4
307670,4
307670,2
307690,3
307750,0
307750,4
307760,7
307770,6
307770,7
307780,0
307800,3
307800,9
307820,3
307820,2
307821,5
307822,3
307822,2
307823,5
307824,3
307824,2
307825,5
307880,0
307880,4
307880,7
307900,4
307900,2
307920,4
307920,2
307930,4
307930,2
307940,3
307960,0
307970,7
307980,12
307990,4
307990,2
308000,3
308010,5
308020,5
308030,5
308040,6
308060,0
308060,4
308080,8
308080,12
308140,5
308170,5
308170,2
308171,5
308171,2
308172,5
308172,2
308173,7
308180,3
308262,0
308264,0
308266,0
308268,0
308270,7
308300,6
308300,7
308310,0
308330,3
308360,4
308380,2
308400,6
308420,4
308440,0
308460,4
308520,4
308520,5
308540,0
308540,7
308560,3
308580,0
308580,8
308600,4
308600,13
309871,0
309900,0
309900,13
309920,3
309920,4
309940,6
309990,0
310030,7
310031,7
310032,7
310033,7
310034,7
310040,7
310050,2
310060,4
310060,7
310070,4
310080,6
310080,7
310100,4
310110,0
310110,5
310240,9
310260,1
310260,5
310280,9
310300,1
310300,5
310370,1
310390,7
310400,1
310410,7
310430,7
310460,3
310470,2
310490,2
310510,3
310510,5
310560,8
310560,12
310580,1
310600,0
310600,4
310700,0
310740,0
310790,0
310830,4
310850,3
310870,0
310870,4
310880,7
310880,2
310890,4
310890,2
310970,4
310990,0
311010,3
311020,7
311050,0
311060,5
311080,0
311100,0
311120,0
311170,6
311190,0
311190,4
311210,3
311250,0
311250,4
311260,7
311260,13
311290,2
311310,3
311310,9
311310,5
311310,2
311330,2
311340,3
311400,0
311400,4
311400,7
311440,6
311460,0
311460,4
311480,5
311490,4
311500,6
311550,8
311560,0
311590,0
311590,4
311660,4
311670,3
311680,6
311690,0
311690,4
311720,5
311730,0
311770,3
311800,4
311800,13
311810,4
311820,4
311840,6
311840,7
311850,6
311860,4
311860,7
311870,4
311910,7
311920,5
311921,5
311930,4
311940,4
311980,4
311980,13
312010,3
312020,6
312020,2
312050,3
312090,2
312150,1
312150,13
312200,3
312200,5
312210,3
312210,13
312220,3
312220,5
312230,3
312240,0
312240,4
312280,1
312280,2
312290,3
312290,9
312300,4
312310,0
312310,7
312360,7
312370,2
312380,2
312410,4
312420,2
312450,1
312450,2
312510,4
312520,3
312530,0
312540,0
312540,5
312560,5
312600,2
312630,4
312640,0
312650,0
312660,3
312670,3
312680,3
312690,3
312720,4
312740,0
312750,5
312780,3
312790,5
312840,3
312900,0
312900,4
312960,0
312960,2
312980,7
312990,0
312990,1
313010,7
313020,4
313040,0
313080,0
313080,2
313100,3
313101,3
313102,3
313120,4
313130,4
313140,4
313190,6
313210,0
313281,2
313300,1
313300,9
313310,6
313310,4
313310,2
313311,1
313311,9
313320,0
313320,6
313320,4
313320,8
313320,7
313320,2
313340,6
313340,5
313360,3
313370,0
313371,0
313373,0
313374,0
313375,0
313380,0
313381,0
313390,0
313390,7
313400,4
313430,7
313470,5
313500,2
313520,5
313590,0
313590,4
313620,2
313630,4
313650,6
313660,2
313690,3
313700,4
313730,4
313730,2
313760,3
313760,5
313780,4
313800,2
313810,3
313830,3
313830,2
313850,1
313850,5
313930,4
313931,4
313932,4
313960,3
313980,0
314000,6
314000,4
314000,12
314010,0
314010,1
314010,2
314020,6
314030,0
314050,4
314070,4
314070,12
314120,5
314160,7
314170,5
314180,4
314200,4
314210,4
314220,4
314230,4
314240,3
314240,5
314240,2
314250,3
314280,0
314280,1
314290,0
314300,0
314300,6
314300,13
314320,4
314320,2
314330,4
314340,4
314340,2
314350,4
314350,13
314360,4
314380,3
314380,5
314400,4
314400,7
314410,0
314410,4
314430,0
314430,9
314450,4
314460,0
314470,4
314510,3
314520,7
314540,3
314560,3
314560,5
314570,3
314580,0
314590,0
314590,4
314630,3
314630,4
314650,4
314650,13
314660,3
314710,0
314760,2
314770,7
314790,4
314810,4
314830,4
314830,2
314950,4
314950,2
314970,4
314980,4
314980,2
315050,1
315050,9
315070,6
315080,4
315110,0
315120,0
315120,4
315130,4
315151,5
315190,18
315210,0
315260,4
315320,0
315320,6
315320,5
315330,3
315330,4
315330,7
315330,13
315340,4
315392,9
315393,0
315393,8
315395,9
315396,0
315396,8
315430,3
315430,2
315450,4
315460,4
315460,2
315480,4
315490,16
315490,21
315540,0
315540,13
315550,7
315610,0
315610,4
315630,5
315650,6
315650,2
315670,0
315680,4
315680,2
315730,5
315830,0
315840,0
315840,5
315850,0
315850,4
315860,5
315890,3
315920,4
315930,5
315940,0
315940,4
316020,0
316030,0
316060,0
316070,0
316070,4
316080,3
316080,2
316140,4
316160,6
316180,0
316240,7
316260,3
316320,0
316320,8
316370,4
316400,4
316410,5
316430,2
316441,0
316443,0
316445,0
316447,0
316480,3
316490,4
316491,4
316500,6
316500,4
316500,2
316510,1
316510,9
316520,6
316520,4
316520,2
316530,1
316530,9
316540,6
316540,4
316540,2
316541,1
316541,9
316542,6
316542,4
316542,2
316560,4
316590,12
316600,4
316640,3
316650,4
316651,4
316660,0
316660,4
316670,3
316671,3
316700,12
316710,0
316710,4
316710,5
316740,3
316740,5
316810,0
316820,0
316840,4
316860,0
316862,0
316864,0
316866,0
316868,0
316890,3
316910,3
316910,5
316930,4
316960,7
316962,7
316964,7
316966,7
316970,0
316970,4
317030,3
317040,0
317070,6
317070,7
317080,7
317100,0
317100,4
317150,2
317200,5
317201,5
317202,5
317203,5
317208,5
317230,2
317240,2
317250,3
317280,3
317290,3
317300,3
317300,7
317320,4
317360,0
317360,4
317370,5
317380,2
317410,1
317430,0
317430,9
317440,0
317440,4
317440,7
317470,0
317470,6
317470,4
317480,0
317480,4
317480,12
317490,6
317490,8
317510,0
317530,0
317530,4
317540,4
317550,4
317580,6
317590,2
317591,2
317610,4
317660,0
317710,0
317720,0
317720,2
317730,3
317730,7
317770,0
317820,4
317830,4
317831,4
317832,4
317833,4
317840,0
317850,2
317920,6
317920,2
317940,4
317950,4
318020,4
318050,7
318090,4
318100,0
318100,1
318100,9
318130,4
318220,0
318220,7
318230,3
318230,5
318260,6
318260,7
318300,3
318310,5
318330,5
318350,6
318390,3
318410,3
318411,3
318412,3
318414,3
318420,3
318430,4
318440,4
318480,0
318480,4
318490,0
318490,1
318500,4
318510,4
318511,4
318520,4
318521,4
318530,0
318530,4
318550,3
318560,6
318570,4
318591,3
318600,0
318600,4
318640,3
318650,0
318650,2
318680,3
318690,0
318710,0
318740,3
318770,2
318792,0
318794,0
318860,0
318860,4
318870,3
318872,3
318874,3
318875,3
318950,3
318970,3
318970,5
319000,2
319010,2
319011,2
319012,2
319013,2
319014,2
319015,2
319016,2
319017,2
319018,2
319050,5
319080,0
319090,5
319140,0
319170,0
319180,0
319210,4
319230,3
319230,2
319250,3
319250,5
319270,4
319280,0
319290,3
319290,5
319320,3
319400,3
319430,3
319430,5
319450,4
319470,4
319480,4
319510,7
319540,5
319560,4
319570,0
319570,1
319570,5
319630,0
319740,4
319760,4
319780,7
319810,3
319820,4
319821,0
319821,2
319830,4
319840,4
319850,6
319850,7
319870,3
319870,4
319880,5
319910,3
319930,3
319970,3
320030,0
320040,3
320040,5
320090,7
320120,4
320140,0
320140,4
320140,7
320150,0
320150,4
320210,4
320240,3
320300,8
320310,8
320320,5
320330,6
320340,3
320340,7
320350,0
320351,0
320352,0
320353,0
320360,0
320361,0
320362,0
320363,0
320364,0
320370,0
320371,0
320372,0
320380,0
320381,0
320382,0
320383,0
320384,0
320385,0
320386,0
320387,0
320388,0
320400,6
320410,0
320430,6
320440,0
320520,3
320540,0
320540,4
320560,4
320570,4
320610,3
320630,3
320650,3
320670,3
320690,3
320690,4
320710,1
320710,5
320721,2
320750,2
320790,0
320820,3
320830,6
320830,2
320840,7
320900,4
320900,2
321030,0
321030,4
321060,7
321080,3
321100,15
321140,3
321141,3
321142,3
321150,6
321160,6
321160,12
321170,15
321180,15
321181,15
321182,16
321190,3
321260,4
321290,7
321300,5
321300,2
321310,7
321330,0
321330,1
321350,0
321350,7
321360,0
321360,4
321370,4
321380,3
321380,7
321390,3
321390,4
321390,7
321400,0
321400,1
321400,12
321420,4
321421,4
321430,5
321450,7
321470,7
321471,7
321472,7
321473,7
321474,12
321476,7
321480,6
321480,4
321490,8
321490,12
321510,4
321510,12
321560,4
321610,6
321690,22
321700,22
321800,3
321830,0
321830,4
321840,3
321840,1
321840,7
321870,4
321880,4
321890,3
321890,4
321920,0
321920,4
321940,4
321950,0
321950,4
321960,2
321980,4
321990,6
322000,4
322000,2
322021,3
322022,0
322022,4
322060,0
322080,0
322110,0
322130,3
322141,7
322170,4
322190,3
322190,5
322210,0
322290,0
322290,4
322300,4
322300,5
322330,3
322330,7
322430,3
322430,4
322430,2
322440,3
322450,3
322450,4
322480,5
322500,4
322540,4
322550,0
322580,3
322580,4
322680,0
322680,4
322690,3
322690,5
322700,3
322750,0
322750,5
322770,3
322850,7
322900,4
322910,0
322910,2
322930,7
322950,4
322950,12
322970,3
322980,0
322980,2
323000,0
323000,4
323020,6
323040,4
323060,5
323190,7
323220,0
323220,4
323230,2
323240,5
323250,2
323270,6
323290,3
323320,3
323320,4
323341,3
323380,3
323380,7
323390,6
323450,0
323450,5
323470,0
323490,6
323500,0
323560,6
323560,5
323570,4
323580,0
323580,4
323650,0
323650,4
323670,4
323670,12
323680,3
323700,6
323720,3
323730,3
323780,7
323850,4
323900,1
323900,2
323940,4
324030,0
324070,4
324080,0
324080,4
324080,13
324090,7
324090,2
324110,12
324120,6
324140,0
324160,3
324170,10
324190,0
324190,4
324190,13
324240,3
324250,4
324260,0
324260,5
324260,2
324270,4
324290,3
324290,5
324331,0
324332,0
324340,0
324342,0
324343,0
324344,0
324360,0
324360,2
324390,0
324390,4
324400,2
324420,2
324470,8
324510,0
324510,4
324510,5
324520,4
324570,0
324590,5
324610,4
324650,3
324710,3
324710,4
324720,3
324730,3
324730,5
324740,3
324750,3
324750,8
324760,8
324800,0
324810,0
324810,4
325040,5
325041,5
325042,5
325043,5
325044,5
325090,3
325090,5
325120,3
325120,4
325135,7
325137,7
325139,7
325141,7
325143,7
325150,0
325150,4
325160,4
325210,6
325260,0
325260,4
325300,0
325300,4
325320,3
325370,0
325370,4
325420,0
325420,8
325420,13
325430,3
325430,5
325430,13
325470,13
325500,15
325501,15
325502,15
325503,15
325504,15
325520,6
325570,0
325580,0
325590,0
325590,4
325640,4
325730,0
325730,6
325730,5
325790,4
325790,2
325860,4
325870,0
325880,4
325930,3
325950,7
325952,7
325954,7
325956,7
325959,7
325961,7
325963,7
325968,7
325970,7
325972,7
325974,7
325977,7
325981,7
325987,7
325989,7
325991,7
325993,7
326001,7
326003,7
326005,7
326007,7
326009,7
326011,7
326014,7
326016,7
326018,7
326021,7
326024,7
326026,7
326028,7
326031,7
326034,7
326036,7
326038,7
326040,7
326042,7
326044,7
326046,7
326049,7
326060,6
326070,3
326070,4
326110,4
326120,4
326150,0
326150,5
326160,1
326160,5
326180,3
326180,4
326190,6
326230,4
326230,7
326240,0
326240,4
326270,0
326270,4
326310,0
326340,0
326340,12
326360,9
326370,0
326380,3
326390,2
326410,0
326410,4
326420,0
326420,6
326430,0
326431,0
326460,0
326460,4
326460,2
326470,4
326480,3
326480,7
326510,4
326530,7
326590,0
326590,12
326650,4
326670,5
326690,6
326690,4
326690,2
326691,1
326691,9
326720,0
326730,3
326730,5
326790,5
326840,3
326950,3
326950,5
326990,0
327000,4
327000,13
327010,8
327030,2
327040,2
327060,4
327070,3
327070,9
327070,7
327090,0
327090,4
327090,5
327130,0
327130,2
327150,4
327150,2
327170,3
327171,3
327172,3
327173,3
327174,3
327175,3
327176,3
327177,3
327220,3
327260,4
327270,5
327310,0
327310,4
327340,2
327380,3
327390,3
327400,3
327410,3
327410,5
327440,3
327440,4
327450,3
327450,4
327470,2
327500,4
327510,4
327520,0
327520,4
327530,4
327560,0
327560,4
327610,4
327640,1
327640,2
327670,4
327670,2
327760,0
327760,4
327830,2
327831,2
327840,6
327840,8
327860,0
327860,4
327880,0
327890,0
327890,4
327910,0
327910,2
327930,3
327940,3
327950,7
327960,4
327960,13
328000,5
328020,5
328021,5
328022,5
328060,3
328060,1
328070,0
328080,4
328080,2
328100,4
328170,4
328171,4
328200,5
328220,5
328230,3
328230,5
328270,4
328280,4
328280,12
328290,6
328290,7
328290,2
328430,3
328450,2
328460,8
328480,0
328480,9
328500,4
328510,4
328550,4
328590,0
328590,4
328640,3
328650,0
328670,0
328680,6
328690,3
328710,0
328710,4
328730,6
328740,0
328740,4
328740,13
328760,3
328760,4
328760,2
328790,0
328790,2
328820,5
328821,5
328830,6
328830,12
328880,3
328890,6
328900,7
328930,7
328990,4
329000,4
329000,7
329010,7
329011,5
329011,2
329012,7
329013,5
329013,2
329040,3
329040,5
329050,0
329070,4
329070,2
329100,19
329100,20
329100,18
329110,3
329110,1
329110,2
329130,4
329150,0
329150,4
329190,0
329190,7
329190,13
329200,4
329240,4
329270,5
329280,4
329280,13
329310,3
329320,0
329320,4
329340,4
329370,0
329380,0
329380,4
329430,5
329440,3
329460,3
329460,8
329480,3
329490,0
329530,2
329550,2
329551,2
329630,2
329650,0
329670,7
329690,3
329690,12
329770,4
329820,16
329821,16
329822,16
329823,16
329830,3
329860,6
329860,7
329880,3
329910,3
329920,3
329930,3
329970,2
329980,3
330000,1
330020,0
330020,4
330100,0
330100,5
330180,0
330260,3
330260,4
330270,4
330280,6
330280,7
330280,2
330350,3
330350,4
330370,6
330390,3
330420,3
330450,6
330460,0
330460,4
330460,7
330460,13
330500,6
330510,3
330511,0
330511,4
330520,8
330520,13
330580,4
330590,7
330620,4
330620,7
330630,16
330631,16
330650,16
330660,0
330660,7
330670,4
330680,4
330690,8
330720,2
330730,3
330770,0
330770,8
330820,3
330830,3
330860,3
330880,3
330880,9
330880,13
330950,4
330950,12
330990,3
331000,4
331000,2
331061,0
331063,0
331065,0
331067,0
331069,0
331071,0
331120,0
331120,4
331160,8
331180,3
331180,9
331181,0
331181,4
331181,5
331190,4
331200,6
331200,7
331210,6
331220,0
331240,0
331250,0
331260,4
331290,4
331300,6
331340,3
331350,0
331352,0
331354,0
331356,0
331358,0
331360,6
331360,4
331380,6
331380,7
331390,5
331400,0
331400,6
331400,5
331430,6
331430,5
331430,13
331440,3
331440,5
331450,3
331460,6
331470,3
331470,1
331480,3
331480,4
331490,4
331491,3
331491,5
331492,4
331500,0
331510,3
331570,0
331570,6
331580,1
331600,0
331610,4
331650,0
331650,8
331670,4
331690,0
331690,4
331720,4
331750,3
331760,4
331790,4
331810,0
331810,4
331810,5
331810,2
331870,3
331880,6
331890,0
331890,4
331890,5
331891,1
331891,9
331892,0
331892,4
331892,5
331900,5
331930,0
331930,2
331960,5
331970,0
331970,2
331980,6
332000,4
332000,2
332001,5
332010,4
332010,2
332011,5
332020,4
332020,2
332030,3
332070,3
332070,9
332130,0
332130,2
332150,4
332200,0
332200,4
332210,3
332240,0
332250,0
332250,8
332270,0
332270,4
332290,15
332291,15
332292,15
332293,15
332330,0
332350,7
332370,3
332380,3
332380,4
332390,3
332390,4
332390,2
332400,3
332400,4
332400,2
332410,6
332410,5
332420,9
332430,1
332430,5
332490,7
332500,0
332500,4
332500,13
332530,4
332540,5
332570,3
332570,13
332580,6
332610,0
332610,4
332620,0
332620,6
332630,3
332650,0
332650,5
332700,0
332700,4
332710,5
332730,4
332760,4
332790,11
332790,0
332800,4
332810,6
332830,4
332880,4
332890,1
332890,5
332950,3
332950,4
333040,5
333080,0
333082,0
333084,0
333088,0
333090,15
333091,15
333100,4
333100,13
333120,6
333130,0
333130,4
333150,4
333160,0
333160,2
333170,4
333210,0
333210,4
333220,4
333250,3
333250,4
333260,3
333260,4
333290,4
333300,4
333300,2
333320,5
333330,0
333330,5
333340,3
333340,4
333340,5
333340,13
333380,4
333380,13
333390,4
333400,0
333410,3
333410,5
333420,3
333430,3
333490,3
333510,0
333520,4
333520,2
333540,7
333580,0
333580,4
333600,4
333640,4
333640,2
333650,3
333650,4
333660,0
333660,2
333690,3
333700,4
333710,4
333720,3
333730,4
333760,0
333770,19
333770,18
333771,16
333772,19
333772,18
333773,16
333790,19
333800,0
333810,0
333811,0
333812,0
333813,0
333814,0
333815,0
333816,0
333817,0
333870,4
333880,6
333880,5
333900,4
333900,2
333930,1
333950,4
333950,2
333970,2
333980,3
333980,5
333990,5
334030,4
334040,0
334070,3
334080,4
334090,4
334100,0
334100,6
334111,1
334111,5
334120,4
334140,6
334180,0
334180,4
334190,6
334210,0
334210,2
334221,0
334230,5
334260,3
334260,4
334270,7
334280,0
334280,4
334300,4
334310,0
334310,6
334310,5
334310,2
334330,22
334350,3
334360,6
334390,0
334390,5
334410,4
334420,4
334420,2
334430,9
334440,0
334440,9
334441,1
334442,0
334442,9
334450,1
334470,3
334480,3
334490,3
334510,0
334520,0
334540,0
334540,7
334560,4
334620,4
334690,0
334690,4
334740,2
334770,7
334771,8
334771,12
334772,7
334773,8
334773,12
334774,7
334780,8
334780,12
334781,7
334782,8
334782,12
334790,7
334791,8
334791,12
334792,7
334793,8
334793,12
334810,2
334830,4
334840,4
334850,4
334850,7
334920,4
334920,2
334940,4
334960,4
334970,0
334980,3
334990,3
335000,3
335000,4
335020,2
335050,7
335070,6
335070,8
335070,12
335090,4
335100,4
335110,6
335120,3
335190,3
335190,5
335200,3
335210,4
335220,4
335240,4
335270,0
335280,0
335290,7
335300,5
335320,0
335430,0
335430,4
335440,2
335450,4
335460,3
335460,5
335491,7
335510,0
335510,5
335520,6
335560,0
335560,4
335580,19
335580,20
335580,18
335611,7
335620,2
335640,4
335660,6
335670,3
335670,5
335690,6
335690,7
335700,4
335770,0
335770,5
335790,3
335790,4
335800,3
335810,5
335820,1
335820,5
335830,4
335840,0
335840,4
335900,4
335900,2
335920,4
335981,3
335982,0
335982,2
335990,3
335991,0
335991,2
336010,7
336020,3
336020,4
336030,4
336060,0
336080,2
336090,4
336100,2
336110,4
336130,4
336140,3
336140,5
336160,0
336180,4
336180,2
336200,6
336200,2
336210,4
336220,0
336220,4
336230,4
336240,4
336300,4
336300,2
336320,3
336320,8
336370,4
336380,3
336380,4
336420,3
336420,1
336420,12
336440,0
336440,6
336440,5
336460,6
336460,7
336610,3
336630,4
336670,1
336680,4
336680,2
336700,4
336710,4
336730,4
336760,6
336770,6
336780,6
336810,5
336840,0
336850,2
336860,0
336870,0
336900,0
336900,4
336930,4
336940,3
337000,0
337040,4
337040,2
337110,3
337120,19
337120,20
337120,18
337150,4
337210,3
337210,5
337220,4
337220,2
337270,6
337270,5
337280,3
337290,0
337320,0
337340,3
337340,5
337350,6
337360,0
337400,1
337400,9
337410,1
337410,5
337420,3
337420,4
337450,4
337480,0
337490,4
337570,7
337630,4
337650,4
337660,5
337661,5
337670,6
337680,3
337680,2
337700,3
337700,7
337720,4
337730,6
337740,8
337760,7
337820,6
337820,7
337840,0
337850,3
337850,5
337880,3
337880,7
337890,4
337900,15
337901,15
337902,15
337940,3
337940,4
337960,4
337970,6
337970,7
337980,3
337980,4
338000,0
338000,4
338030,3
338030,13
338040,8
338050,3
338060,6
338080,7
338100,7
338110,6
338120,4
338140,0
338140,4
338160,7
338161,7
338162,7
338163,7
338170,0
338190,0
338190,6
338190,8
338200,1
338201,1
338202,1
338240,7
338250,4
338260,0
338290,3
338290,4
338300,3
338310,3
338310,5
338320,4
338330,0
338350,6
338350,7
338360,4
338370,4
338370,2
338371,7
338372,4
338372,2
338390,5
338420,4
338480,0
338530,0
338530,4
338540,1
338540,5
338540,2
338550,4
338590,7
338620,0
338630,6
338630,7
338690,3
338700,0
338700,4
338710,4
338760,0
338770,0
338770,6
338770,5
338800,4
338800,2
338810,4
338820,1
338820,2
338830,4
338830,2
338840,5
338890,4
338920,6
338920,2
338960,7
338980,6
338980,2
339000,6
339030,0
339031,0
339032,0
339033,0
339034,0
339040,0
339070,24
339070,4
339080,4
339090,4
339110,4
339120,3
339120,4
339130,4
339160,4
339190,4
339200,3
339200,5
339210,2
339230,3
339240,3
339240,13
339250,4
339250,2
339290,6
339320,6
339340,0
339350,4
339380,7
339382,7
339384,7
339386,7
339388,7
339391,7
339398,7
339400,4
339400,2
339440,0
339440,13
339460,3
339470,3
339470,4
339480,5
339500,6
339510,4
339530,0
339530,6
339530,2
339540,0
339540,5
339550,3
339550,5
339560,4
339570,4
339570,2
339580,4
339580,2
339590,3
339590,4
339600,9
339610,0
339610,1
339610,12
339690,4
339700,3
339700,5
339710,3
339720,4
339760,7
339790,8
339790,12
339800,5
339800,2
339810,3
339810,5
339820,13
339830,3
339840,3
339850,3
339870,3
339870,7
339910,4
340000,0
340020,4
340030,5
340050,3
340050,5
340050,2
340070,4
340140,0
340140,4
340140,5
340150,4
340150,2
340170,5
340190,7
340200,6
340200,7
340210,2
340220,2
340260,1
340260,2
340270,4
340290,0
340300,3
340300,4
340310,6
340320,3
340320,5
340330,4
340330,2
340340,4
340350,0
340350,4
340360,4
340370,3
340380,0
340400,4
340410,8
340410,13
340440,4
340440,2
340460,0
340460,1
340460,2
340470,6
340480,0
340480,4
340500,3
340500,5
340520,0
340530,4
340530,12
340530,13
340540,3
340540,9
340550,4
340560,0
340570,4
340570,2
340580,0
340600,4
340600,2
340610,2
340620,2
340630,6
340640,0
340640,2
340670,5
340680,0
340680,4
340700,6
340720,3
340720,4
340730,6
340730,7
340750,4
340810,0
340810,6
340810,4
340810,5
340830,0
340830,5
340840,3
340860,0
340860,7
340880,2
340950,4
340960,7
340960,13
340990,3
341000,4
341000,2
341020,3
341020,5
341030,7
341040,4
341050,3
341060,0
341060,4
341070,4
341090,0
341090,6
341110,3
341110,4
341120,4
341150,5
341160,0
341160,6
341170,0
341170,4
341220,4
341220,2
341260,3
341260,4
341270,5
341290,6
341310,3
341310,5
341360,0
341380,3
341390,4
341390,2
341410,5
341440,4
341470,0
341470,5
341470,2
341490,6
341490,5
341500,0
341500,4
341510,6
341510,5
341530,4
341540,6
341540,7
341550,4
341570,4
341570,2
341610,6
341610,7
341640,4
341640,7
341660,0
341660,5
341680,0
341680,7
341690,4
341700,5
341710,6
341710,7
341720,6
341720,4
341730,0
341750,3
341760,0
341770,4
341790,0
341800,4
341820,6
341820,7
341848,0
341870,3
341890,0
341910,4
341910,2
341930,7
341940,0
341950,4
341990,0
342000,7
342010,4
342010,2
342020,3
342050,3
342051,3
342080,0
342090,3
342090,5
342180,0
342180,4
342190,2
342200,1
342200,7
342230,0
342230,7
342240,4
342250,6
342260,3
342270,4
342280,0
342280,4
342300,0
342310,4
342310,2
342330,5
342350,0
342350,4
342360,6
342360,7
342380,4
342450,4
342480,4
342490,4
342500,7
342510,6
342510,5
342520,4
342530,6
342530,13
342540,4
342550,4
342560,4
342570,4
342580,2
342590,4
342590,12
342600,4
342600,12
342610,4
342620,6
342630,3
342640,0
342640,4
342640,7
342650,6
342650,8
342660,0
342660,2
342730,0
342730,4
342750,7
342751,7
342752,7
342753,7
342754,7
342755,7
342756,7
342757,7
342758,7
342759,7
342760,7
342761,7
342762,7
342763,7
342764,7
342765,7
342766,7
342767,7
342768,7
342769,7
342770,7
342771,7
342772,7
342773,7
342774,7
342775,7
342776,7
342777,7
342778,7
342779,7
342780,7
342781,7
342782,7
342783,7
342784,7
342785,7
342786,7
342787,7
342788,7
342789,7
342790,7
342791,7
342792,7
342793,7
342794,7
342795,7
342796,7
342797,7
342798,7
342799,7
342800,7
342801,7
342802,7
342803,7
342804,7
342805,7
342806,7
342807,7
342808,7
342809,7
342810,7
342811,7
342812,7
342813,7
342814,7
342815,7
342816,7
342817,7
342818,7
342819,7
342820,7
342821,7
342822,7
342823,7
342824,7
342825,7
342826,7
342827,7
342828,7
342829,7
342830,7
342831,7
342832,7
342833,7
342834,7
342835,7
342836,7
342837,7
342838,7
342839,7
342840,7
342841,7
342842,7
342843,7
342844,7
342845,7
342846,7
342847,7
342848,7
342849,7
342850,7
342851,7
342852,7
342853,7
342854,7
342855,7
342856,7
342857,7
342858,7
342859,7
342860,5
342870,0
342870,4
342870,7
342870,13
342890,2
342910,7
342920,6
342940,4
342940,5
342970,6
342970,7
342980,0
342980,4
342990,3
342990,4
343020,0
343070,6
343070,7
343090,7
343100,3
343100,4
343100,2
343120,6
343120,8
343120,12
343140,8
343170,4
343250,6
343270,3
343280,0
343280,5
343280,2
343290,4
343320,4
343340,0
343360,6
343360,2
343370,5
343410,4
343420,5
343421,3
343421,2
343422,5
343423,3
343423,2
343424,5
343425,3
343425,2
343426,5
343430,3
343440,0
343440,4
343440,7
343461,2
343463,2
343510,4
343570,6
343580,4
343592,0
343594,0
343596,0
343598,0
343600,0
343611,0
343613,0
343615,0
343630,6
343630,2
343710,3
343730,3
343730,1
343740,0
343740,1
343750,4
343770,6
343780,6
343780,7
343800,4
343810,4
343820,4
343830,4
343840,4
343860,4
343930,6
343930,2
343940,5
343950,7
343952,7
343955,7
343959,7
343962,7
344030,6
344050,2
344060,6
344060,8
344060,12
344070,6
344070,8
344070,12
344080,6
344080,8
344080,12
344090,6
344090,8
344090,12
344100,3
344100,4
344120,2
344122,2
344130,4
344140,5
344160,4
344160,2
344171,0
344173,0
344175,0
344177,0
344180,0
344190,1
344190,5
344200,3
344200,5
344210,6
344220,0
344220,8
344230,6
344230,7
344270,6
344270,2
344290,4
344300,4
344340,7
344340,2
344410,3
344440,3
344450,6
344450,7
344462,0
344480,4
344490,3
344490,7
344500,3
344510,0
344510,2
344530,3
344530,5
344551,5
344730,0
344730,4
344740,0
344740,4
344760,0
344760,4
344760,7
344800,7
344810,7
344820,4
344820,7
344820,13
344840,7
344850,4
344850,2
344860,4
344860,2
344890,3
344890,5
344890,2
344900,0
344910,0
344910,4
344960,6
344970,0
345010,4
345010,7
345020,0
345020,5
345030,7
345040,4
345050,9
345050,2
345060,6
345080,0
345090,6
345090,2
345120,3
345130,0
345130,4
345140,4
345180,3
345180,5
345200,3
345200,4
345230,3
345240,0
345260,0
345280,0
345280,4
345330,0
345330,4
345340,0
345340,4
345380,6
345380,7
345430,3
345440,0
345440,4
345460,4
345470,6
345470,5
345480,3
345540,3
345540,4
345580,4
345580,2
345610,6
345620,6
345630,3
345640,3
345650,1
345660,8
345660,12
345680,7
345690,0
345700,3
345700,4
345710,3
345710,2
345740,7
345750,7
345820,0
345820,4
345860,0
345870,0
345870,7
345900,8
345900,12
345980,0
346010,4
346040,0
346040,4
346070,0
346071,0
346080,6
346080,2
346090,4
346110,3
346110,9
346120,0
346120,4
346130,3
346130,8
346140,6
346150,3
346150,7
346150,13
346160,6
346160,5
346170,1
346170,9
346180,4
346200,4
346210,2
346220,5
346230,3
346240,7
346250,6
346250,4
346260,4
346261,4
346280,4
346300,3
346300,13
346310,5
346311,4
346311,2
346330,3
346330,4
346340,4
346360,0
346360,7
346370,0
346390,6
346390,2
346420,5
346430,4
346440,4
346440,8
346450,3
346460,0
346460,8
346470,7
346490,0
346500,0
346500,4
346540,0
346540,1
346541,0
346541,1
346542,0
346542,1
346550,3
346560,3
346560,4
346610,1
346610,8
346610,12
346630,0
346630,4
346650,4
346660,5
346670,0
346670,2
346730,6
346750,6
346750,5
346770,0
346780,0
346780,4
346791,7
346810,4
346810,2
346820,6
346820,8
346850,0
346850,1
346890,0
346900,6
346900,4
346920,6
346930,0
346930,2
346940,3
346940,5
346950,3
346950,5
346970,4
346990,0
346990,4
347000,4
347040,4
347050,2
347060,7
347070,0
347100,4
347100,2
347101,5
347102,4
347102,2
347103,5
347104,4
347104,2
347105,5
347110,3
347150,0
347155,0
347160,4
347170,3
347170,7
347170,13
347190,7
347210,7
347211,7
347212,7
347213,7
347230,2
347240,5
347260,3
347260,7
347270,0
347280,0
347290,0
347330,0
347330,4
347430,6
347440,3
347450,8
347450,12
347460,3
347460,5
347470,4
347490,4
347490,2
347491,5
347492,4
347492,2
347493,5
347494,4
347494,2
347520,2
347530,6
347530,5
347560,4
347560,13
347580,4
347580,2
347590,2
347600,3
347600,5
347610,6
347620,6
347620,7
347660,6
347660,13
347670,4
347670,12
347690,6
347690,12
347700,4
347700,13
347710,4
347720,7
347730,4
347790,7
347800,0
347800,4
347820,0
347820,8
347880,0
347900,3
347900,4
347900,2
347930,4
347940,3
347940,4
347940,13
347950,1
347950,2
347990,8
347990,12
348000,3
348030,8
348030,12
348040,3
348040,7
348070,3
348070,5
348090,5
348160,6
348160,8
348180,4
348190,1
348190,5
348210,3
348210,4
348210,7
348240,6
348250,3
348250,1
348270,6
348270,5
348280,0
348290,7
348300,3
348310,4
348330,2
348340,4
348360,4
348380,3
348400,4
348430,4
348450,0
348450,4
348460,4
348490,0
348490,2
348510,6
348540,3
348540,4
348561,4
348561,7
348570,4
348570,7
348580,0
348580,4
348620,6
348620,4
348650,4
348681,0
348683,0
348685,0
348687,0
348690,3
348690,1
348690,5
348700,1
348730,0
348730,4
348740,0
348740,4
348740,13
348750,2
348790,3
348800,0
348800,4
348810,9
348840,4
348860,0
348860,6
348860,4
348870,3
348880,0
348910,3
348930,0
348930,4
348940,0
348960,3
348970,4
348980,0
348980,6
348980,2
348990,2
349000,2
349020,6
349040,0
349050,3
349060,6
349100,0
349100,4
349130,19
349130,18
349140,3
349150,0
349150,13
349190,4
349190,2
349220,3
349220,5
349230,2
349231,2
349240,5
349250,4
349260,4
349270,4
349300,7
349310,0
349310,4
349310,2
349320,4
349350,3
349350,7
349370,0
349370,4
349440,0
349450,4
349450,5
349460,0
349460,6
349460,4
349460,2
349470,4
349470,7
349500,4
349500,7
349510,3
349520,0
349520,6
349530,6
349530,12
349540,7
349550,3
349550,4
349650,3
349670,0
349670,7
349670,13
349680,4
349690,4
349710,6
349720,6
349720,9
349730,5
349760,0
349760,6
349760,5
349770,3
349770,5
349780,3
349780,4
349790,4
349810,0
349820,4
349820,2
349830,5
349840,2
349931,0
349933,0
349935,0
349937,0
349939,0
349941,0
349950,4
349980,3
350000,0
350010,3
350020,0
350020,5
350070,3
350080,0
350090,7
350110,7
350130,1
350140,0
350140,4
350150,4
350171,0
350172,0
350200,3
350210,4
350260,6
350270,6
350270,2
350271,4
350272,6
350272,2
350330,6
350380,3
350380,7
350460,4
350480,3
350490,6
350500,0
350500,7
350530,7
350550,6
350550,7
350560,7
350600,0
350610,0
350610,6
350610,5
350620,0
350620,4
350640,0
350690,7
350700,9
350740,0
350750,6
350750,7
350770,4
350780,3
350800,0
350800,4
350800,2
350810,0
350810,4
350810,2
350880,2
350910,4
350970,3
350990,3
350990,4
351030,1
351030,7
351030,2
351050,12
351060,4
351070,1
351080,7
351090,6
351100,3
351100,5
351140,0
351140,1
351150,3
351160,6
351160,7
351170,4
351170,13
351230,0
351230,5
351240,4
351250,4
351290,3
351290,9
351300,0
351300,5
351300,2
351320,4
351330,3
351330,5
351340,3
351390,4
351400,0
351410,0
351410,4
351420,6
351450,6
351460,0
351460,2
351461,4
351470,0
351470,6
351470,2
351480,5
351490,6
351510,6
351510,2
351551,0
351553,0
351555,0
351630,6
351630,4
351630,13
351640,1
351640,5
351650,4
351650,7
351680,3
351690,0
351700,4
351700,7
351710,5
351720,6
351720,7
351730,3
351730,4
351730,2
351740,3
351790,3
351790,4
351800,1
351810,0
351860,2
351890,0
351910,4
351910,2
351920,2
351940,3
351940,4
351990,6
351990,8
352000,3
352010,6
352021,3
352021,5
352030,3
352030,5
352050,7
352070,4
352111,19
352111,20
352111,18
352120,7
352130,2
352140,7
352150,0
352160,1
352170,0
352170,8
352182,7
352184,7
352186,7
352188,7
352190,2
352210,6
352220,3
352220,2
352240,7
352360,4
352370,0
352370,2
352400,3
352430,7
352440,3
352440,5
352450,3
352450,4
352520,3
352520,4
352530,8
352550,2
352560,5
352580,3
352590,7
352610,11
352610,4
352620,4
352640,3
352640,5
352680,6
352690,6
352690,7
352700,6
352700,9
352710,2
352720,7
352720,13
352740,6
352750,6
352750,7
352760,0
352760,2
352780,4
352790,4
352810,4
352840,5
352850,3
352850,4
352890,3
352890,7
352900,0
352900,8
352950,3
352960,0
352960,4
353000,3
353050,0
353051,0
353052,0
353053,0
353060,4
353070,3
353080,3
353080,4
353090,6
353110,3
353140,7
353190,3
353260,2
353270,2
353280,4
353330,4
353340,4
353360,4
353550,3
353560,3
353560,4
353580,3
353590,3
353590,4
353600,4
353610,4
353630,4
353630,2
353640,3
353640,4
353640,2
353700,3
353740,0
353740,1
353740,7
353741,0
353741,1
353741,7
353742,0
353742,1
353742,7
353760,2
353770,2
353820,7
353830,2
353930,0
353930,5
353930,2
353970,7
353990,0
353990,4
354030,0
354030,4
354040,6
354040,8
354050,4
354140,0
354140,7
354180,3
354190,3
354190,5
354200,3
354200,4
354200,5
354230,2
354240,4
354270,4
354280,6
354280,7
354290,6
354290,9
354300,4
354310,2
354330,7
354331,7
354380,0
354400,0
354400,4
354426,0
354430,0
354461,5
354462,5
354463,5
354464,5
354466,5
354468,5
354469,2
354480,7
354560,4
354600,7
354620,0
354620,4
354650,4
354680,6
354690,3
354690,4
354720,3
354720,4
354730,5
354740,5
354770,4
354780,0
354780,4
354820,7
354860,4
354890,0
354890,1
354920,4
354930,4
354940,6
354940,9
354940,7
354950,3
354950,4
354960,0
354960,4
354970,3
355010,4
355010,12
355020,3
355020,2
355050,4
355060,7
355070,0
355070,9
355080,6
355090,6
355100,5
355130,8
355130,12
355140,3
355140,4
355150,4
355170,3
355180,1
355190,4
355230,0
355230,6
355230,8
355230,13
355240,4
355260,0
355260,1
355260,7
355262,0
355262,1
355262,7
355270,3
355280,6
355290,3
355300,3
355310,0
355340,7
355350,0
355360,4
355370,3
355370,5
355380,4
355400,0
355400,8
355410,0
355410,4
355420,5
355420,13
355430,3
355430,5
355460,6
355490,4
355490,13
355510,4
355520,4
355530,3
355530,4
355560,0
355560,4
355570,3
355570,5
355630,4
355641,7
355670,6
355690,0
355690,4
355740,3
355740,4
355760,3
355760,4
355790,0
355800,4
355810,0
355810,2
355820,4
355820,12
355830,3
355830,5
355840,1
355840,5
355860,0
355860,4
355890,0
355910,4
355920,6
355920,7
355950,2
355960,2
355970,4
355980,2
356000,5
356030,3
356030,13
356040,5
356070,0
356090,3
356100,6
356100,2
356120,0
356120,1
356120,7
356121,0
356121,1
356121,7
356122,0
356122,1
356122,7
356123,0
356123,1
356123,7
356124,0
356124,1
356124,7
356130,1
356130,9
356160,3
356170,0
356170,4
356180,3
356180,7
356190,3
356210,3
356230,16
356231,16
356240,16
356250,3
356260,2
356280,5
356290,2
356310,1
356380,6
356380,7
356390,4
356400,4
356410,4
356420,4
356430,7
356440,3
356440,4
356450,4
356460,4
356470,0
356500,0
356510,0
356510,12
356520,3
356530,3
356540,3
356540,4
356550,3
356550,4
356560,3
356560,4
356570,0
356570,2
356580,4
356650,0
356650,4
356670,0
356670,1
356710,4
356730,3
356730,4
356770,3
356770,7
356790,0
356800,4
356820,0
356870,0
356870,4
356880,4
356890,6
356910,0
356960,7
356970,6
356970,12
356980,2
357030,2
357070,4
357080,6
357080,5
357090,4
357100,3
357100,4
357110,3
357110,4
357120,0
357170,0
357171,0
357180,2
357200,3
357200,5
357240,4
357260,15
357261,15
357262,15
357290,0
357290,4
357310,4
357310,2
357320,9
357320,13
357330,4
357340,0
357340,4
357350,5
357360,5
357370,4
357440,3
357450,4
357490,4
357500,1
357600,4
357650,0
357650,6
357650,7
357670,4
357690,0
357690,2
357710,2
357711,2
357720,6
357730,6
357730,8
357750,0
357750,4
357760,7
357780,0
357780,4
357830,0
357840,0
357890,6
357900,3
357900,7
357910,3
357910,4
357910,2
357920,4
357920,13
357930,4
357940,4
357940,2
357970,6
357970,5
358000,3
358020,0
358020,2
358030,5
358070,7
358080,3
358080,5
358090,3
358090,4
358120,4
358130,5
358140,0
358142,0
358150,0
358170,0
358180,0
358200,3
358220,0
358230,0
358240,0
358250,0
358260,0
358280,0
358290,3
358310,0
358320,3
358340,0
358350,0
358370,0
358380,8
358390,1
358410,0
358440,0
358470,3
358650,0
358700,7
358750,5
358750,2
358760,6
358770,6
358810,0
358810,4
358830,4
358840,0
358880,0
358880,7
358920,3
358920,2
358930,3
358930,2
358960,4
358970,6
358970,7
359040,4
359050,4
359060,0
359060,8
359070,6
359090,0
359100,0
359100,4
359130,4
359140,3
359140,2
359160,6
359180,7
359190,3
359220,8
359230,4
359230,2
359250,6
359260,3
359260,4
359280,3
359300,0
359300,4
359310,0
359310,4
359320,0
359320,9
359320,7
359340,6
359340,7
359340,2
359350,4
359370,7
359390,3
359400,4
359420,3
359420,4
359440,5
359491,0
359493,0
359495,0
359497,0
359500,3
359500,5
359510,4
359520,1
359520,5
359521,1
359521,5
359530,3
359530,5
359540,1
359550,0
359560,4
359570,4
359580,0
359580,4
359600,3
359610,3
359630,0
359650,0
359650,7
359670,6
359670,5
359780,7
359781,7
359790,7
359800,8
359800,12
359810,4
359840,4
359860,1
359860,2
359900,0
359900,4
359920,4
359920,2
359940,0
359960,0
359960,9
359970,3
360010,6
360010,5
360030,4
360040,6
360040,5
360090,4
360090,2
360091,5
360092,4
360092,2
360093,5
360094,4
360094,2
360095,5
360096,4
360096,2
360097,5
360098,4
360098,2
360099,5
360110,4
360110,2
360111,5
360112,4
360112,2
360113,5
360114,4
360114,2
360115,5
360120,4
360120,2
360150,0
360150,5
360170,3
360270,3
360340,3
360350,7
360360,4
360380,4
360390,4
360400,6
360420,4
360420,2
360421,5
360422,4
360422,2
360423,5
360424,4
360424,2
360425,5
360426,4
360426,2
360427,5
360428,4
360428,2
360430,3
360450,4
360510,0
360510,4
360510,2
360520,6
360530,0
360550,4
360580,6
360580,7
360590,3
360590,4
360590,5
360590,2
360600,4
360620,1
360620,5
360620,2
360640,2
360650,2
360680,3
360720,6
360720,2
360730,4
360730,2
360740,3
360820,0
360820,4
360830,3
360840,3
360870,6
360880,11
360880,3
360880,7
360890,3
360890,4
360940,0
360960,0
360960,4
361020,6
361040,4
361060,3
361100,0
361110,0
361110,4
361130,5
361160,2
361190,6
361190,7
361200,7
361210,16
361210,21
361230,0
361230,5
361250,4
361250,13
361280,7
361290,7
361300,4
361310,4
361312,4
361313,4
361314,4
361320,2
361330,3
361330,5
361350,0
361360,3
361380,2
361420,4
361430,7
361470,1
361500,4
361520,6
361520,7
361540,1
361540,2
361541,4
361542,1
361542,2
361550,4
361560,4
361600,3
361620,6
361630,0
361670,0
361680,6
361690,0
361790,4
361790,2
361820,7
361830,4
361840,8
361841,8
361842,8
361843,8
361850,3
361870,4
361870,2
361880,3
361880,4
361880,12
361930,6
361930,7
361950,6
361950,2
361970,4
361970,2
362010,4
362010,2
362020,6
362020,5
362030,6
362090,5
362100,5
362100,2
362110,3
362110,5
362120,4
362130,6
362130,5
362140,6
362140,5
362150,6
362150,5
362290,3
362290,7
362310,0
362310,5
362320,5
362360,6
362360,12
362370,6
362380,0
362380,12
362410,3
362440,0
362440,4
362460,0
362490,0
362490,4
362490,7
362500,0
362520,0
362530,0
362540,0
362550,0
362560,0
362570,0
362580,0
362590,0
362600,0
362610,8
362620,7
362620,13
362660,4
362670,0
362670,6
362670,2
362680,4
362700,4
362740,3
362760,6
362760,8
362780,7
362800,4
362810,4
362820,5
362830,6
362830,12
362850,3
362860,3
362890,0
362890,4
362930,8
362940,4
362950,6
362950,5
362960,5
362980,6
362980,5
363040,5
363050,6
363070,6
363110,2
363150,7
363180,4
363200,0
363220,0
363240,3
363240,2
363270,4
363320,0
363320,1
363320,7
363330,3
363350,3
363350,4
363351,3
363351,4
363360,0
363360,7
363410,6
363420,0
363430,0
363430,4
363430,7
363440,0
363460,4
363490,0
363490,4
363490,2
363500,3
363510,0
363510,6
363510,5
363520,0
363520,4
363530,7
363580,4
363600,7
363610,4
363620,4
363630,0
363640,3
363650,6
363660,7
363670,4
363800,4
363800,2
363900,6
363920,0
363930,0
363930,6
363930,5
363930,2
363940,4
363950,3
363950,5
363960,2
363970,6
363970,4
363970,7
363980,4
363990,4
363990,2
364000,4
364020,0
364050,0
364050,4
364060,4
364100,4
364130,4
364170,3
364170,4
364180,4
364200,4
364200,2
364210,6
364210,2
364230,0
364230,6
364250,0
364260,6
364260,5
364270,5
364300,4
364300,2
364321,7
364323,7
364325,7
364327,7
364329,7
364350,3
364360,0
364370,0
364370,4
364390,3
364400,0
364400,4
364410,3
364410,4
364410,7
364420,3
364420,5
364470,1
364480,4
364500,4
364510,0
364510,5
364630,4
364640,6
364640,5
364660,6
364690,0
364690,4
364700,4
364710,4
364720,3
364740,4
364740,2
364770,0
364770,4
364790,4
364800,0
364800,7
364810,3
364820,0
364820,2
364830,4
364840,8
364850,6
364850,2
364880,6
364890,0
364890,4
364900,4
364910,11
364910,0
364940,6
364980,6
364980,2
365010,3
365020,0
365020,4
365050,4
365060,0
365060,4
365070,3
365070,1
365070,7
365080,5
365090,4
365110,6
365110,5
365120,3
365140,3
365150,3
365160,4
365210,5
365260,6
365260,2
365270,4
365270,2
365280,6
365290,4
365300,0
365300,4
365330,0
365340,0
365340,4
365350,6
365350,7
365360,5
365381,4
365381,2
365382,5
365400,0
365400,6
365400,5
365420,3
365420,4
365420,7
365430,4
365450,7
365470,0
365470,1
365470,12
365480,5
365500,4
365510,4
365520,3
365530,3
365540,4
365560,2
365590,0
365590,5
365620,3
365620,7
365660,4
365680,0
365730,3
365760,0
365760,4
365770,4
365800,7
365810,0
365810,6
365810,7
365850,0
365860,0
365870,3
365870,5
365880,4
365900,3
365900,4
365930,0
365940,3
365940,2
365960,7
365970,3
365970,5
366000,7
366010,0
366050,3
366050,4
366060,0
366060,4
366060,13
366090,3
366090,2
366100,6
366100,5
366130,4
366130,2
366140,6
366140,5
366180,0
366180,6
366190,19
366190,18
366210,6
366210,2
366220,4
366230,12
366250,0
366270,0
366290,7
366320,3
366330,1
366330,9
366330,7
366331,1
366331,9
366331,7
366350,4
366380,4
366410,4
366420,4
366450,3
366450,4
366460,0
366510,5
366590,4
366610,3
366610,4
366620,4
366640,3
366640,5
366650,2
366660,5
366670,6
366690,0
366690,4
366690,12
366700,0
366700,4
366710,6
366710,5
366730,4
366740,3
366740,4
366740,2
366750,4
366760,6
366760,12
366780,3
366800,3
366800,4
366843,3
366849,3
366870,4
366910,5
366910,2
366920,4
366960,0
366970,0
366990,6
367000,6
367010,3
367030,6
367030,13
367040,4
367050,6
367060,0
367080,0
367080,4
367110,3
367110,5
367120,7
367140,4
367180,4
367210,3
367220,6
367220,2
367240,3
367250,5
367260,6
367270,0
367270,7
367280,3
367280,4
367280,7
367290,1
367290,2
367300,4
367310,3
367310,2
367330,4
367330,2
367340,4
367350,0
367380,3
367380,1
367380,7
367411,5
367413,5
367415,5
367430,6
367430,12
367450,7
367480,3
367500,3
367520,0
367520,4
367550,6
367550,12
367570,0
367580,6
367660,0
367680,4
367700,4
367700,7
367710,6
367710,2
367780,4
367800,6
367810,0
367820,5
367850,3
367850,4
367870,3
367871,3
367872,3
367990,0
367990,12
368000,4
368040,0
368040,13
368050,4
368070,0
368080,3
368080,5
368140,4
368150,6
368160,6
368180,0
368180,4
368180,7
368220,2
368230,7
368250,3
368250,4
368260,5
368290,1
368310,6
368310,7
368340,3
368340,5
368350,4
368360,3
368360,4
368360,2
368370,6
368370,7
368390,6
368410,3
368410,4
368430,3
368450,3
368500,0
368510,3
368510,4
368540,3
368540,5
368550,4
368590,4
368600,7
368610,5
368620,3
368620,5
368640,2
368650,4
368680,4
368690,4
368700,4
368710,4
368720,0
368720,4
368720,13
368730,3
368730,4
368740,4
368760,3
368760,5
368770,4
368780,6
368780,2
368830,3
368860,0
368860,13
368870,5
368880,6
368890,4
368910,3
368910,4
368950,1
368970,3
368990,0
368990,4
369000,3
369000,4
369030,0
369030,1
369040,0
369040,6
369040,7
369050,4
369060,0
369060,4
369070,4
369080,3
369080,7
369100,0
369100,4
369110,0
369110,5
369130,5
369131,5
369150,7
369180,0
369180,4
369210,0
369210,1
369270,0
369270,4
369270,12
369280,6
369310,6
369310,2
369340,4
369360,6
369370,2
369380,6
369390,7
369410,4
369420,6
369430,4
369440,3
369450,3
369450,4
369450,7
369460,7
369470,0
369490,0
369490,9
369500,0
369500,1
369500,7
369501,0
369501,1
369501,7
369502,0
369502,1
369502,7
369503,0
369503,1
369503,7
369504,0
369504,1
369504,7
369505,0
369505,1
369505,7
369506,0
369506,1
369506,7
369507,0
369507,1
369507,7
369508,0
369508,1
369508,7
369509,0
369509,1
369509,7
369510,0
369510,1
369510,7
369511,0
369511,1
369511,7
369530,0
369530,4
369530,7
369550,0
369560,0
369560,6
369570,4
369580,6
369610,4
369640,4
369700,3
369700,5
369710,3
369710,1
369710,2
369720,3
369720,1
369720,2
369760,6
369761,6
369762,6
369763,6
369764,6
369765,6
369766,6
369767,6
369768,6
369769,6
369770,6
369771,6
369772,6
369773,6
369774,6
369775,6
369776,6
369777,6
369778,6
369779,6
369780,6
369781,6
369782,6
369783,6
369784,6
369785,6
369786,6
369787,6
369788,6
369789,6
369790,6
369791,6
369792,6
369793,6
369794,6
369795,6
369796,6
369797,6
369798,6
369799,6
369800,6
369801,6
369802,6
369803,6
369804,6
369805,6
369806,6
369807,6
369808,6
369809,6
369810,6
369811,6
369812,6
369813,6
369814,6
369815,6
369816,6
369817,6
369818,6
369819,6
369820,6
369821,6
369822,6
369823,6
369824,6
369825,6
369826,6
369827,6
369828,6
369829,6
369830,3
369840,3
369860,0
369860,4
369890,3
369890,5
369920,4
369940,4
369960,4
369980,4
369990,2
