id,game_id,purchase_id
1,335820,131
3,332030,757
5,342837,960
7,367800,212
9,50510,192
11,31250,113
13,321890,38
15,256504,873
17,241410,432
19,338330,381
21,254290,108
23,357310,415
25,314560,754
27,200960,516
29,297950,691
31,341845,308
33,344177,950
35,347493,799
37,281410,552
39,40340,217
41,269150,47
43,242940,146
45,200130,641
47,258357,509
49,286670,504
51,222500,566
53,4850,697
55,294953,558
57,12560,83
59,105300,643
61,278100,691
63,267960,920
65,317030,576
67,73185,956
69,250400,391
71,25817,3
73,291130,835
75,368610,483
77,331450,717
79,294992,93
81,45100,478
83,342752,837
85,355140,500
87,41400,672
89,282530,896
91,204580,669
93,288850,83
95,343820,83
97,346240,9
99,11180,594
101,16200,179
103,306690,941
105,260060,99
107,246800,296
109,355880,200
111,58400,333
113,337661,387
115,203341,794
117,367412,878
119,207660,298
121,316541,702
123,369822,194
125,344050,86
127,99400,797
129,215550,426
131,321800,332
133,283541,277
135,58643,396
137,263640,35
139,366700,811
141,356250,394
143,308420,457
145,45750,106
147,104200,849
149,262900,50
151,320140,743
153,329110,476
155,308460,456
157,60350,543
159,8330,602
161,295023,93
163,328280,896
165,236970,53
167,292990,495
169,1500,189
171,363490,474
173,314790,965
175,342761,840
177,344551,242
179,10,452
181,41046,344
183,345690,614
185,24676,617
187,249550,668
189,12210,231
191,343180,94
193,297140,303
195,327520,86
197,295431,82
199,306040,854
201,342834,388
203,95400,312
205,310440,864
207,311380,79
209,366240,554
211,235883,860
213,271481,541
215,339040,823
217,6510,110
219,284080,540
221,333082,304
223,364750,38
225,316070,748
227,357200,103
229,282470,918
231,334140,649
233,208348,328
235,352450,321
237,245430,121
239,210092,91
241,287200,23
243,344510,218
245,295197,34
247,365730,642
249,328220,281
251,328430,539
253,339230,608
255,360115,944
257,294680,34
259,203350,437
261,39110,540
263,268610,469
265,313160,195
267,326025,308
269,306350,926
271,257310,484
273,39110,412
275,364630,788
277,306350,222
279,281860,354
281,218060,38
283,208371,70
285,294420,116
287,295209,508
289,297510,843
291,337670,668
293,295041,229
295,222056,399
297,340480,454
299,353260,367
301,263760,657
303,327400,971
305,3300,672
307,342807,559
309,278030,784
311,286633,832
313,60,100
315,331000,181
317,352240,227
319,34283,161
321,261392,655
323,1690,846
325,360092,252
327,364250,247
329,258659,132
331,291070,937
333,279623,405
335,338440,542
337,105800,343
339,229870,530
341,24677,767
343,302030,565
345,39200,853
347,256524,199
349,295191,758
351,92700,308
353,6310,374
355,366970,390
357,231454,554
359,294190,967
361,222562,997
363,45760,931
365,335790,274
367,362440,163
369,347170,255
371,339480,833
373,342855,68
375,215248,613
377,207750,457
379,12220,196
381,345681,318
383,304170,217
385,325790,594
387,25817,78
389,331580,572
391,6020,138
393,319010,912
395,265810,909
397,233610,573
399,301243,550
401,318850,585
403,359280,504
405,277910,908
407,222608,298
409,234140,716
411,261406,374
413,344820,509
415,320520,998
417,306950,611
419,363630,499
421,247292,328
423,231484,998
425,208670,459
427,338120,565
429,369772,260
431,320300,418
433,306171,451
435,295196,78
437,347700,685
439,342600,165
441,56484,300
443,323160,556
445,369813,583
447,222160,182
449,306395,148
451,277270,274
453,351030,822
455,273960,332
457,242760,308
459,247298,997
461,341000,503
463,369504,887
465,341930,580
467,46370,484
469,223180,85
471,369821,10
473,8990,763
475,3230,165
477,358150,748
479,352960,597
481,268121,259
483,329823,860
485,327450,185
487,231491,476
489,253410,59
491,300630,984
493,34630,145
495,316960,403
497,348950,787
499,241371,505
501,272890,889
503,248570,510
505,317832,735
507,349840,742
509,340540,208
511,316491,246
513,296730,448
515,210170,103
517,279110,837
519,359540,571
521,346920,297
523,299780,671
525,231472,207
527,329190,525
529,364720,645
531,273151,423
533,19000,259
535,210074,571
537,224166,190
539,345260,810
541,284240,224
543,235940,203
545,2920,380
547,208304,314
549,322910,948
551,210095,384
553,342839,558
555,65244,172
557,360030,45
559,326028,627
561,313281,662
563,70617,890
565,44100,331
567,335982,796
569,206500,51
571,356710,674
573,40350,905
575,268890,331
577,270110,497
579,32360,610
581,208811,287
583,345290,955
585,352640,689
587,259830,41
589,208807,838
591,342798,396
593,340570,791
595,301900,365
597,36900,681
599,239840,731
601,3500,907
603,258417,310
605,67340,921
607,327960,211
609,344970,94
611,309872,357
613,33220,1000
615,39900,116
617,258394,83
619,287093,72
621,55399,778
623,284870,496
625,286040,916
627,222880,966
629,202710,749
631,56432,431
633,222575,225
635,208791,352
637,294770,578
639,48110,283
641,297060,528
643,277775,921
645,16866,752
647,45300,700
649,314400,469
651,73093,356
653,351050,525
655,110800,371
657,269850,19
659,235230,79
661,349550,892
663,220824,573
665,334774,380
667,343860,918
669,294370,171
671,200900,828
673,63620,387
675,4700,74
677,229621,17
679,366410,673
681,368510,978
683,295072,625
685,361690,325
687,7010,757
689,262470,535
691,229560,882
693,50142,315
695,342858,185
697,209000,762
699,221260,205
701,90208,431
703,340610,125
705,342839,325
707,360820,627
709,366660,955
711,248490,761
713,360,114
715,204283,170
717,1300,556
719,340220,47
721,271467,455
723,343460,131
725,329240,413
727,11260,447
729,258416,17
731,285070,682
733,255370,418
735,230692,611
737,208300,871
739,222638,379
741,105600,828
743,17440,747
745,354600,809
747,208740,688
749,339460,525
751,218820,513
753,294190,236
755,244810,931
757,295083,913
759,355830,351
761,42940,194
763,40100,685
765,311670,176
767,222079,563
769,290530,290
771,206250,222
773,295610,655
775,15910,276
777,244065,325
779,354650,413
781,270490,556
783,31890,764
785,277843,598
787,287580,50
789,265890,416
791,264060,744
793,2370,604
795,255320,30
797,210034,404
799,291770,15
801,342811,989
803,58230,58
805,301180,63
807,42940,468
809,295041,372
811,38140,265
813,213780,898
815,347250,485
817,220900,394
819,259240,299
821,331250,189
823,341800,205
825,293057,599
827,306290,367
829,258741,141
831,288860,452
833,287600,86
835,295076,996
837,264340,493
839,250540,46
841,325142,188
843,73194,340
845,305980,39
847,227563,562
849,286320,420
851,290403,318
853,267775,20
855,329530,418
857,91106,676
859,369788,351
861,359070,152
863,65800,468
865,226960,474
867,287370,828
869,223220,713
871,6800,474
873,19500,366
875,357171,88
877,203140,411
879,334260,118
881,20570,594
883,352111,828
885,12150,881
887,207230,238
889,256010,56
891,66002,573
893,294945,484
895,295026,801
897,295094,567
899,32760,969
901,231483,768
903,6980,816
905,320372,641
907,65243,136
909,317510,115
911,325120,55
913,24055,226
915,204732,326
917,297644,527
919,250900,96
921,274250,521
923,311910,765
925,338820,410
927,346970,181
929,242120,814
931,312440,214
933,334470,854
935,340330,591
937,297980,435
939,340530,744
941,230860,878
943,365510,38
945,251060,866
947,316869,758
949,369970,959
951,306392,755
953,254700,824
955,322580,77
957,326230,444
959,236970,18
961,3420,305
963,241540,68
965,342833,910
967,356040,732
969,342761,566
971,34270,699
973,288860,41
975,353741,823
977,305780,684
979,270110,711
981,208813,902
983,321180,725
985,252910,438
987,71250,535
989,73190,285
991,366140,148
993,80207,677
995,291930,603
997,208817,580
999,300441,583
1001,2820,882
1003,297350,570
1005,297450,527
1007,206162,224
1009,345741,17
1011,2540,765
1013,304950,591
1015,343464,220
1017,258344,657
1019,210019,162
1021,226660,39
1023,251910,755
1025,339382,324
1027,281606,430
1029,225834,973
1031,357340,760
1033,277733,999
1035,273570,930
1037,241260,687
1039,271466,210
1041,337480,814
1043,9880,928
1045,278810,31
1047,246030,430
1049,271472,690
1051,266050,406
1053,258655,238
1055,271960,182
1057,215002,63
1059,277752,513
1061,294939,205
1063,359790,187
1065,12130,544
1067,50970,53
1069,249110,360
1071,33660,518
1073,230840,330
1075,45775,41
1077,364350,53
1079,272060,709
1081,15390,307
1083,226664,715
1085,201277,509
1087,284220,388
1089,295065,234
1091,363900,375
1093,297514,589
1095,249590,400
1097,340960,242
1099,305170,684
1101,301115,254
1103,262920,806
1105,294923,388
1107,286520,475
1109,335020,193
1111,246920,227
1113,246253,630
1115,306610,664
1117,345130,886
1119,266050,249
1121,210076,351
1123,215257,744
1125,301895,894
1127,229560,929
1129,99910,152
1131,260910,872
1133,222075,660
1135,258850,295
1137,336150,839
1139,209730,999
1141,343460,593
1143,267776,349
1145,349760,693
1147,327450,921
1149,353990,810
1151,328060,848
1153,353760,25
1155,91100,144
1157,267980,14
1159,314580,56
1161,25761,406
1163,325959,387
1165,280930,385
1167,367850,811
1169,369825,882
1171,340280,993
1173,346220,565
1175,316540,352
1177,277850,312
1179,319140,42
1181,271415,998
1183,37330,897
1185,3400,724
1187,356960,886
1189,43006,834
1191,35070,273
1193,282514,229
1195,342756,54
1197,277678,956
1199,360030,401
1201,335100,984
1203,33760,931
1205,208296,281
1207,288500,287
1209,267774,241
1211,331440,580
1213,277742,40
1215,317440,899
1217,366849,957
1219,295184,110
1221,307330,754
1223,270330,586
1225,361350,77
1227,360360,884
1229,215002,179
1231,291190,64
1233,325520,836
1235,22100,544
1237,48720,302
1239,249921,245
1241,355341,744
1243,323630,696
1245,323680,217
1247,206141,649
1249,24640,631
1251,332200,283
1253,233270,606
1255,259250,842
1257,282620,231
1259,274500,495
1261,6980,990
1263,222062,911
1265,99700,981
1267,291650,991
1269,342769,559
1271,352111,698
1273,31100,901
1275,325973,138
1277,339388,699
1279,348740,22
1281,322630,226
1283,204060,956
1285,349810,457
1287,267340,737
1289,32730,766
1291,13520,278
1293,294946,949
1295,320387,733
1297,289220,881
1299,360030,281
1301,8600,876
1303,17180,973
1305,366220,54
1307,35089,423
1309,225430,83
1311,344510,29
1313,248330,1
1315,369950,137
1317,223180,727
1319,369410,422
1321,350171,348
1323,292090,981
1325,274190,900
1327,321421,69
1329,258655,486
1331,251490,340
1333,290470,958
1335,15370,925
1337,248490,872
1339,347492,33
1341,358840,409
1343,316868,986
1345,25970,638
1347,35089,164
1349,351700,263
1351,231490,904
1353,48803,339
1355,294981,555
1357,348730,53
1359,366130,93
1361,55040,734
1363,213311,968
1365,214987,434
1367,327520,700
1369,218700,475
1371,262390,537
1373,264340,916
1375,210092,629
1377,294994,392
1379,113420,625
1381,306930,446
1383,202750,333
1385,208792,80
1387,226780,357
1389,235600,354
1391,36910,583
1393,364420,722
1395,289320,760
1397,65530,589
1399,42170,277
1401,329370,756
1403,251060,668
1405,226665,225
1407,276730,432
1409,210089,982
1411,360880,408
1413,4420,36
1415,214988,895
1417,303710,389
1419,290060,540
1421,368590,380
1423,290401,214
1425,208808,633
1427,311800,85
1429,321490,225
1431,351810,122
1433,337400,21
1435,46270,460
1437,325370,723
1439,291430,702
1441,341380,429
1443,261530,679
1445,232770,239
1447,273370,840
1449,206500,752
1451,306040,367
1453,308300,893
1455,266390,416
1457,253290,186
1459,24810,908
1461,315860,741
1463,255940,485
1465,250070,180
1467,204308,108
1469,22631,6
1471,6370,868
1473,277470,232
1475,366060,249
1477,209330,545
1479,278930,737
1481,289930,231
1483,46480,474
1485,295040,294
1487,342855,101
1489,25810,920
1491,327560,719
1493,343140,614
1495,335310,66
1497,224860,577
1499,236130,505
1501,281342,415
1503,292660,458
1505,283350,119
1507,222112,958
1509,275127,652
1511,12420,763
1513,345350,165
1515,219092,710
1517,327410,274
1519,252550,780
1521,25980,792
1523,354140,429
1525,217790,694
1527,305640,760
1529,273960,790
1531,284390,184
1533,368061,117
1535,351552,251
1537,315560,978
1539,365381,580
1541,104900,925
1543,306170,3
1545,271491,170
1547,346330,850
1549,90400,795
1551,323570,18
1553,35091,935
1555,92620,898
1557,55394,670
1559,361320,461
1561,34284,2
1563,334960,505
1565,300450,594
1567,262450,235
1569,350150,238
1571,259251,711
1573,289520,745
1575,334360,711
1577,366730,505
1579,42210,452
1581,277767,42
1583,329530,221
1585,347450,633
1587,368970,714
1589,277520,316
1591,253750,245
1593,294580,708
1595,8970,751
1597,255340,712
1599,258817,843
1601,222587,79
1603,331491,294
1605,210933,411
1607,20550,947
1609,369505,216
1611,357190,786
1613,16810,768
1615,251270,793
1617,271416,567
1619,63003,268
1621,271448,488
1623,277773,338
1625,48805,487
1627,326020,219
1629,210170,113
1631,333400,404
1633,6510,427
1635,285470,330
1637,300060,85
1639,225826,276
1641,343430,345
1643,308180,558
1645,207090,441
1647,71166,568
1649,329110,750
1651,10110,920
1653,356110,659
1655,266050,369
1657,25930,506
1659,200710,748
1661,316020,32
1663,223100,720
1665,42990,290
1667,366610,979
1669,273840,880
1671,21600,294
1673,210055,572
1675,345180,683
1677,319012,358
1679,292760,66
1681,366920,365
1683,338700,259
1685,80330,112
1687,1670,213
1689,313480,908
1691,367890,702
1693,326046,653
1695,325130,239
1697,225830,469
1699,227300,573
1701,271499,857
1703,214510,220
1705,94000,548
1707,227440,156
1709,321472,419
1711,345620,294
1713,354140,790
1715,250380,700
1717,323580,127
1719,312790,619
1721,233980,51
1723,234330,120
1725,360730,107
1727,294978,157
1729,350800,523
1731,310600,386
1733,297980,951
1735,10090,750
1737,9450,576
1739,9730,640
1741,348380,62
1743,295650,733
1745,359500,663
1747,251590,555
1749,24480,519
1751,258363,116
1753,12220,895
1755,65720,528
1757,210050,456
1759,258349,727
1761,210097,799
1763,18070,710
1765,256290,707
1767,260530,586
1769,369980,499
1771,297793,537
1773,249111,99
1775,230890,429
1777,317940,955
1779,336680,798
1781,303310,141
1783,247080,120
1785,3920,434
1787,236430,312
1789,270870,484
1791,246090,672
1793,205634,921
1795,202951,667
1797,248350,968
1799,280520,718
1801,47931,980
1803,22631,853
1805,364880,557
1807,365930,519
1809,223830,876
1811,296990,425
1813,26006,312
1815,356560,507
1817,330580,403
1819,297570,589
1821,250500,694
1823,325140,739
1825,338240,886
1827,219910,208
1829,342850,810
1831,39660,857
1833,261530,971
1835,258368,587
1837,358400,905
1839,369804,317
1841,331300,507
1843,341800,252
1845,344177,886
1847,25962,737
1849,306401,763
1851,301860,514
1853,210085,860
1855,295033,618
1857,42670,145
1859,349930,338
1861,333640,168
1863,220780,888
1865,316671,88
1867,206440,703
1869,338310,845
1871,351720,966
1873,265470,487
1875,287720,604
1877,365560,899
1879,321300,828
1881,222618,158
1883,210087,400
1885,36150,55
1887,39392,11
1889,208346,474
1891,362830,448
1893,240360,66
1895,210050,550
1897,8190,752
1899,9760,687
1901,321100,486
1903,315540,122
1905,338200,712
1907,364327,418
1909,342836,335
1911,31240,41
1913,233110,938
1915,34348,603
1917,312860,665
1919,294966,911
1921,357830,903
1923,315990,149
1925,222180,915
1927,261398,234
1929,360550,916
1931,232590,868
1933,248490,940
1935,347990,872
1937,294720,22
1939,238050,938
1941,267771,131
1943,277843,718
1945,275810,506
1947,249922,695
1949,317540,411
1951,333460,448
1953,355770,684
1955,24400,351
1957,320970,810
1959,208742,909
1961,273770,555
1963,335000,698
1965,317880,699
1967,363620,982
1969,329190,267
1971,327173,29
1973,294330,686
1975,3483,257
1977,308400,674
1979,355740,403
1981,105800,757
1983,254370,841
1985,298180,139
1987,325140,332
1989,203778,908
1991,205730,690
1993,345040,933
1995,283430,237
1997,260530,930
1999,336150,638
2001,346300,879
2003,335030,254
2005,369774,368
2007,295062,456
2009,206153,944
2011,306340,941
2013,367040,639
2015,359930,821
2017,217941,754
2019,41000,503
2021,265810,186
2023,32640,754
2025,296180,918
2027,210036,744
2029,369801,268
2031,347213,427
2033,256370,826
2035,42950,168
2037,96800,24
2039,218242,885
2041,208801,992
2043,210093,52
2045,307030,360
2047,311860,585
2049,207570,852
2051,43100,565
2053,98609,933
2055,314370,819
2057,305186,514
2059,320790,540
2061,230883,57
2063,95900,193
2065,2780,863
2067,339391,973
2069,301830,884
2071,342550,494
2073,318090,81
2075,342857,364
2077,324332,395
2079,346370,7
2081,366000,914
2083,266230,753
2085,275830,213
2087,360650,567
2089,322021,263
2091,222571,197
2093,228300,518
2095,271441,623
2097,350690,177
2099,303530,907
2101,207610,727
2103,267880,928
2105,63630,510
2107,331400,548
2109,264060,231
2111,354930,516
2113,200960,717
2115,29600,537
2117,294440,729
2119,222578,121
2121,248752,234
2123,295065,706
2125,201790,374
2127,333660,386
2129,292860,799
2131,363060,599
2133,310400,846
2135,258353,808
2137,306392,675
2139,211205,626
2141,205550,201
2143,204902,105
2145,200990,553
2147,313850,819
2149,222607,511
2151,353760,446
2153,258371,447
2155,289580,703
2157,348030,479
2159,204240,811
2161,318310,742
2163,201230,789
2165,256370,933
2167,233700,719
2169,295439,65
2171,278890,856
2173,99100,731
2175,46342,998
2177,222053,20
2179,283540,624
2181,318791,194
2183,246840,206
2185,231481,785
2187,39530,685
2189,360380,77
2191,287070,866
2193,17180,583
2195,22634,691
2197,56435,262
2199,107300,7
2201,42140,686
2203,323290,10
2205,243470,743
2207,222580,829
2209,304133,325
2211,258657,40
2213,35136,734
2215,8890,179
2217,258406,3
2219,209630,820
2221,277490,875
2223,297841,729
2225,18040,109
2227,236370,695
2229,92700,722
2231,222596,575
2233,259780,79
2235,299720,163
2237,234920,430
2239,277650,550
2241,271478,477
2243,322130,484
2245,268220,758
2247,7600,84
2249,15200,140
2251,319170,104
2253,306620,840
2255,233350,528
2257,208470,277
2259,18500,669
2261,359610,962
2263,230888,740
2265,351330,435
2267,368620,91
2269,231801,443
2271,283410,198
2273,277671,136
2275,347330,601
2277,278712,500
2279,251130,832
2281,334360,899
2283,341070,556
2285,294992,107
2287,338890,436
2289,362130,34
2291,321150,6
2293,273830,288
2295,218242,662
2297,322080,271
2299,283160,916
2301,256503,760
2303,342850,117
2305,295036,616
2307,337750,739
2309,46362,299
2311,277672,756
2313,342827,444
2315,222160,907
2317,238010,576
2319,360427,300
2321,206521,895
2323,265210,162
2325,328500,352
2327,342824,3
2329,350610,667
2331,287094,506
2333,247140,971
2335,327130,929
2337,21800,70
2339,285350,22
2341,275690,268
2343,208302,343
2345,305030,560
2347,94000,985
2349,334770,943
2351,36130,402
2353,92621,808
2355,226700,820
2357,304410,638
2359,365010,652
2361,207530,684
2363,315480,466
2365,297970,285
2367,231506,157
2369,320240,911
2371,294590,904
2373,4000,54
2375,206171,855
2377,217920,535
2379,346210,619
2381,358410,226
2383,222180,326
2385,210050,84
2387,213312,999
2389,332650,141
2391,343120,661
2393,265240,867
2395,325043,773
2397,271990,244
2399,318090,723
2401,301115,378
2403,248753,614
2405,342811,58
2407,278710,973
2409,321430,261
2411,234785,945
2413,55389,25
2415,261402,236
2417,260550,730
2419,271475,709
2421,330450,257
2423,366140,120
2425,295092,328
2427,43005,786
2429,32430,896
2431,55385,997
2433,369782,351
2435,253610,452
2437,249181,705
2439,367414,965
2441,361870,615
2443,222120,494
2445,39800,793
2447,34920,884
2449,249113,784
2451,295027,281
2453,364470,925
2455,357730,657
2457,346750,162
2459,35130,677
2461,251850,51
2463,316820,717
2465,288940,112
2467,342800,838
2469,267730,231
2471,319470,143
2473,238930,888
2475,9710,480
2477,26000,511
2479,216090,808
2481,295002,200
2483,366670,527
2485,265970,613
2487,326040,331
2489,259720,526
2491,261030,347
2493,305780,904
2495,71111,483
2497,236490,70
2499,306392,228
2501,259040,39
2503,238570,241
2505,369840,644
2507,356770,963
2509,369270,896
2511,359060,69
2513,315150,660
2515,288970,138
2517,229755,90
2519,271964,83
2521,302340,72
2523,329660,349
2525,271499,19
2527,301990,517
2529,222587,341
2531,10090,40
2533,307500,590
2535,210900,927
2537,330830,470
2539,240500,256
2541,342843,105
2543,249270,733
2545,334840,495
2547,354770,765
2549,338700,126
2551,222550,261
2553,206175,77
2555,10240,682
2557,297410,553
2559,294981,394
2561,216172,907
2563,42926,77
2565,38230,223
2567,287140,735
2569,326003,445
2571,325137,733
2573,290060,738
2575,270630,921
2577,355360,416
2579,305800,417
2581,295069,951
2583,331380,962
2585,50930,935
2587,8790,970
2589,271455,364
2591,40390,781
2593,311560,956
2595,235320,647
2597,43600,45
2599,271439,953
2601,369450,399
2603,206882,875
2605,333700,857
2607,38000,931
2609,318310,180
2611,70640,512
2613,210083,156
2615,291840,625
2617,208302,512
2619,19980,286
2621,290730,705
2623,3820,586
2625,276890,681
2627,207655,579
2629,229622,321
2631,304650,306
2633,241760,704
2635,46760,564
2637,296470,115
2639,295061,140
2641,37000,685
2643,368410,355
2645,342807,832
2647,271499,789
2649,224040,377
2651,102623,62
2653,306020,993
2655,300910,597
2657,327090,832
2659,302610,830
2661,294961,354
2663,214340,812
2665,32370,900
2667,334441,521
2669,345860,247
2671,321181,515
2673,363900,273
2675,244450,674
2677,218100,163
2679,13520,118
2681,70420,471
2683,347160,253
2685,204372,315
2687,214931,500
2689,314540,229
2691,283550,906
2693,202200,357
2695,3330,563
2697,308267,990
2699,9980,267
2701,332540,289
2703,242130,769
2705,222730,449
2707,65930,439
2709,207650,980
2711,34190,420
2713,19000,217
2715,247302,881
2717,108231,366
2719,345980,392
2721,9850,1
2723,356000,760
2725,279623,988
2727,204940,70
2729,274700,422
2731,369783,199
2733,234140,124
2735,293260,32
2737,265131,617
2739,369502,988
2741,327176,434
2743,246820,575
2745,343510,260
2747,307560,157
2749,340380,175
2751,313310,754
2753,245950,61
2755,208540,879
2757,360820,713
2759,215630,406
2761,302110,713
2763,237870,181
2765,352640,108
2767,291430,745
2769,258652,987
2771,219070,847
2773,222100,894
2775,64013,461
2777,281345,85
2779,334470,790
2781,240612,490
2783,290320,117
2785,335982,830
2787,324750,843
2789,98100,890
2791,283000,894
2793,58610,21
2795,3560,868
2797,98500,376
2799,312660,464
2801,71118,185
2803,218240,425
2805,73185,42
2807,294916,634
2809,325979,349
2811,327380,479
2813,277741,331
2815,218060,87
2817,362760,659
2819,234777,424
2821,206177,146
2823,235140,870
2825,55399,500
2827,284890,360
2829,233150,944
2831,256321,262
2833,222076,664
2835,346140,619
2837,270760,646
2839,316490,201
2841,46340,5
2843,291640,520
2845,369150,325
2847,1520,34
2849,315630,754
2851,340570,327
2853,293840,368
2855,270910,732
2857,230290,392
2859,90400,780
2861,314010,788
2863,329200,580
2865,25896,647
2867,217100,486
2869,206174,581
2871,318850,317
2873,271446,498
2875,37600,2
2877,270490,228
2879,325983,319
2881,342768,303
2883,250700,806
2885,369786,455
2887,362810,167
2889,39200,295
2891,295435,518
2893,222223,598
2895,229629,640
2897,364400,100
2899,344970,297
2901,4000,946
2903,245950,253
2905,208813,954
2907,227563,500
2909,345440,81
2911,208981,221
2913,70900,683
2915,33230,555
2917,368740,748
2919,286140,215
2921,369070,76
2923,296180,850
2925,289730,343
2927,202191,795
2929,206161,702
2931,202200,287
2933,215253,412
2935,307390,493
2937,334350,442
2939,211280,610
2941,210894,117
2943,320363,81
2945,318500,510
2947,342580,78
2949,353280,354
2951,215370,143
2953,359497,940
2955,332410,832
2957,295436,44
2959,288790,902
2961,369763,238
2963,222380,680
2965,259620,482
2967,202750,345
2969,306401,591
2971,46460,574
2973,6880,763
2975,275700,32
2977,338130,995
2979,306200,725
2981,291860,147
2983,284000,837
2985,258398,172
2987,38720,312
2989,208575,586
2991,317080,675
2993,45773,850
2995,219442,455
2997,349350,617
2999,244890,552
3001,313120,203
3003,328710,205
3005,12360,227
3007,12360,80
3009,56436,827
3011,341550,838
3013,289300,596
3015,334540,713
3017,327640,561
3019,306630,545
3021,265970,113
3023,279420,362
3025,316530,839
3027,355180,599
3029,356800,214
3031,307570,443
3033,369500,984
3035,318310,343
3037,206165,739
3039,348950,88
3041,307350,502
3043,338330,474
3045,351730,17
3047,307070,480
3049,214530,114
3051,26000,199
3053,243360,874
3055,358810,739
3057,270490,17
3059,102840,24
3061,249090,169
3063,206714,357
3065,315392,453
3067,326041,98
3069,275560,995
3071,102200,940
3073,313210,283
3075,294925,95
3077,205100,154
3079,268930,699
3081,316540,516
3083,331065,854
3085,313690,75
3087,265130,292
3089,258812,27
3091,219440,808
3093,343730,288
3095,224480,268
3097,345660,138
3099,247140,150
3101,11130,24
3103,249083,808
3105,256554,944
3107,307800,32
3109,105420,356
3111,222079,232
3113,208806,945
3115,42950,980
3117,334690,142
3119,369030,316
3121,291640,842
3123,356100,270
3125,274121,970
3127,207020,263
3129,318521,797
3131,256460,254
3133,330470,811
3135,204307,924
3137,319290,491
3139,273151,482
3141,358000,185
3143,216670,997
3145,360390,698
3147,206165,481
3149,33790,545
3151,285010,212
3153,253940,216
3155,369775,845
3157,324270,247
3159,72840,159
3161,328070,757
3163,214933,886
3165,222636,19
3167,340570,290
3169,258992,736
3171,1620,283
3173,348270,145
3175,331970,499
3177,327440,157
3179,322770,806
3181,331354,985
3183,326044,93
3185,366350,479
3187,208283,602
3189,342803,597
3191,12130,440
3193,65540,961
3195,243240,193
3197,334310,809
3199,233740,84
3201,296030,24
3203,328880,256
3205,3990,86
3207,245280,989
3209,354180,864
3211,271942,237
3213,294280,199
3215,325964,725
3217,246420,32
3219,369762,76
3221,333430,758
3223,355230,967
3225,338980,318
3227,361542,375
3229,271030,884
3231,296510,56
3233,366210,848
3235,269190,510
3237,301300,438
3239,271962,512
3241,248630,489
3243,311550,14
3245,204303,985
3247,221640,583
3249,299440,664
3251,271730,566
3253,225431,140
3255,354860,277
3257,318750,178
3259,24679,377
3261,271460,429
3263,319080,359
3265,257770,127
3267,16867,349
3269,41046,704
3271,295005,6
3273,222640,128
3275,250260,100
3277,312420,142
3279,253410,313
3281,361842,736
3283,240300,532
3285,368040,665
3287,45793,986
3289,311660,737
3291,357760,651
3293,306401,706
3295,227400,911
3297,258384,757
3299,352680,325
3301,252470,315
3303,286320,650
3305,293900,721
3307,32680,7
3309,365270,401
3311,234776,852
3313,351720,419
3315,65300,323
3317,210060,847
3319,267655,100
3321,315670,471
3323,37370,148
3325,284910,255
3327,294311,550
3329,222550,509
3331,271030,851
3333,113020,734
3335,335290,551
3337,259250,290
3339,70210,461
3341,226820,658
3343,283290,736
3345,287760,485
3347,369818,290
3349,345670,225
3351,365460,824
3353,245580,241
3355,222072,253
3357,333930,219
3359,267782,141
3361,258359,748
3363,258359,923
3365,359600,781
3367,242780,138
3369,207168,327
3371,271420,870
3373,252730,462
3375,315840,352
3377,294943,223
3379,16120,993
3381,12450,393
3383,283813,687
3385,13580,159
3387,312860,427
3389,299280,357
3391,221260,935
3393,340290,347
3395,17440,533
3397,204732,895
3399,205870,947
3401,222085,220
3403,342010,111
3405,215690,926
3407,307590,796
3409,201276,4
3411,322141,915
3413,361542,124
3415,41019,141
3417,259510,527
3419,10140,835
3421,286963,423
3423,355980,1
3425,362960,314
3427,55000,688
3429,325976,819
3431,308360,450
3433,18522,146
3435,348940,697
3437,369080,394
3439,12420,627
3441,315990,167
3443,307940,892
3445,222021,987
3447,305182,649
3449,293059,893
3451,4700,634
3453,237810,666
3455,349140,721
3457,319016,396
3459,242760,178
3461,366610,221
3463,238090,221
3465,289050,932
3467,353053,498
3469,1930,904
3471,347040,350
3473,284180,427
3475,42170,89
3477,348681,989
3479,102623,890
3481,274190,306
3483,38210,44
3485,33770,431
3487,32450,117
3489,334840,53
3491,274480,76
3493,271479,511
3495,45740,347
3497,222562,711
3499,215790,714
3501,214250,56
3503,237030,901
3505,311680,354
3507,274050,410
3509,234792,133
3511,241364,869
3513,224480,687
3515,315393,791
3517,297490,526
3519,203700,268
3521,334970,445
3523,323150,432
3525,333083,830
3527,282620,377
3529,342090,256
3531,332880,865
3533,209730,742
3535,37960,21
3537,299090,746
3539,214870,722
3541,296220,257
3543,354960,440
3545,247308,272
3547,238900,71
3549,331760,335
3551,342851,762
3553,260790,714
3555,296450,494
3557,206720,187
3559,233740,338
3561,284240,961
3563,240620,948
3565,40350,293
3567,263980,361
3569,223180,49
3571,3340,449
3573,294160,947
3575,258350,109
3577,340540,510
3579,287720,423
3581,268560,72
3583,354331,64
3585,339470,699
3587,316240,779
3589,279140,956
3591,213665,978
3593,303340,363
3595,301245,552
3597,37960,956
3599,229310,300
3601,214330,135
3603,365400,282
3605,219446,141
3607,342784,570
3609,63950,327
3611,339460,952
3613,271467,910
3615,294934,640
3617,298140,208
3619,63640,283
3621,208287,319
3623,25759,470
3625,280890,738
3627,229080,355
3629,208580,782
3631,342840,359
3633,328171,92
3635,98820,884
3637,270950,675
3639,33390,715
3641,317201,515
3643,326240,947
3645,359960,528
3647,312840,824
3649,261470,302
3651,369360,846
3653,334230,576
3655,21660,593
3657,340200,284
3659,353190,171
3661,330630,760
3663,249102,97
3665,73120,116
3667,365350,58
3669,310640,809
3671,352160,616
3673,216150,465
3675,292280,333
3677,281750,25
3679,302750,342
3681,322330,495
3683,342761,248
3685,277560,169
3687,24677,392
3689,206170,191
3691,342610,745
3693,340580,111
3695,272680,305
3697,48232,392
3699,65233,242
3701,258395,370
3703,237850,690
3705,24677,280
3707,301245,473
3709,17580,341
3711,333090,733
3713,351710,232
3715,349760,328
3717,312610,891
3719,357261,176
3721,222599,724
3723,258666,897
3725,321840,677
3727,262960,986
3729,355270,174
3731,366240,401
3733,222041,544
3735,352140,125
3737,222561,800
3739,215160,518
3741,13570,384
3743,298340,412
3745,9980,177
3747,346890,900
3749,38190,36
3751,331440,14
3753,274900,555
3755,314430,884
3757,285470,224
3759,10130,625
3761,275170,408
3763,319016,954
3765,319840,725
3767,287900,106
3769,29630,45
3771,22510,521
3773,295093,870
3775,208369,556
3777,40391,148
3779,340440,614
3781,273070,829
3783,283813,105
3785,286971,883
3787,25010,156
3789,285480,789
3791,303310,19
3793,73091,484
3795,210048,625
3797,242680,496
3799,259960,100
3801,94610,728
3803,240480,432
3805,218090,678
3807,347260,713
3809,342480,473
3811,222630,45
3813,329010,980
3815,312630,214
3817,339580,282
3819,317800,134
3821,226665,407
3823,355650,881
3825,326110,175
3827,22634,473
3829,214360,336
3831,249130,288
3833,322330,704
3835,356160,206
3837,211820,343
3839,222590,410
3841,57696,428
3843,327000,357
3845,12770,245
3847,204312,429
3849,367710,116
3851,243280,760
3853,17140,177
3855,279990,584
3857,32160,464
3859,211201,952
3861,258366,915
3863,340190,905
3865,105450,590
3867,63610,724
3869,355880,705
3871,287100,359
3873,17120,77
3875,12450,804
3877,282030,989
3879,80010,994
3881,342846,58
3883,258641,580
3885,362380,296
3887,236130,521
3889,334260,788
3891,347990,536
3893,321710,981
3895,326001,850
3897,49604,296
3899,337700,55
3901,324340,885
3903,340620,754
3905,4920,360
3907,358240,843
3909,259900,592
3911,358440,929
3913,207790,842
3915,321830,931
3917,304530,637
3919,201270,595
3921,239820,524
3923,316967,998
3925,367780,574
3927,332010,386
3929,274230,805
3931,249086,491
3933,365450,703
3935,337700,956
3937,338300,268
3939,337400,540
3941,284830,92
3943,345650,781
3945,269250,531
3947,242110,569
3949,336860,80
3951,329690,605
3953,358750,167
3955,364050,570
3957,326026,177
3959,307940,739
3961,249590,473
3963,216130,848
3965,252130,392
3967,44620,760
3969,343614,603
3971,361990,364
3973,286790,406
3975,4770,500
3977,367290,337
3979,24677,212
3981,210090,862
3983,333420,883
3985,356870,232
3987,290380,989
3989,210066,88
3991,222086,811
3993,234250,681
3995,261030,779
3997,358380,621
3999,277778,716
4001,297893,613
4003,343780,159
4005,230890,835
4007,9420,879
4009,23553,504
4011,22632,472
4013,296150,673
4015,369131,801
4017,342757,295
4019,308040,578
4021,34281,19
4023,284890,664
4025,364130,562
4027,49311,803
4029,265192,848
4031,369508,953
4033,237030,393
4035,214987,794
4037,271850,712
4039,261402,838
4041,303730,36
4043,305180,324
4045,225280,816
4047,295690,961
4049,65610,175
4051,325140,214
4053,315330,139
4055,324710,476
4057,253290,719
4059,37000,173
4061,226100,481
4063,204180,448
4065,209830,172
4067,277460,757
4069,230886,738
4071,223410,433
4073,9970,579
4075,204290,467
4077,367150,840
4079,359840,205
4081,313480,409
4083,210064,645
4085,3590,813
4087,354720,835
4089,336010,194
4091,44650,726
4093,284930,931
4095,242840,141
4097,23700,20
4099,330730,126
4101,249102,788
4103,343120,553
4105,319820,492
4107,235960,151
4109,310034,386
4111,228360,525
4113,313190,777
4115,265300,746
4117,22634,507
4119,354160,915
4121,356310,413
4123,273760,638
4125,365400,688
4127,210032,73
4129,35137,447
4131,337720,337
4133,291270,203
4135,342840,357
4137,206169,865
4139,301380,224
4141,321080,244
4143,222556,872
4145,255370,380
4147,296810,398
4149,102810,559
4151,273110,459
4153,315930,486
4155,357360,868
4157,294912,533
4159,323250,386
4161,283580,584
4163,258393,617
4165,358970,213
4167,343953,322
4169,331490,689
4171,275170,852
4173,296630,287
4175,222549,708
4177,342834,52
4179,332310,689
4181,369763,424
4183,319850,591
4185,315150,834
4187,32770,29
4189,277776,804
4191,338590,913
4193,286380,422
4195,55205,920
4197,38000,850
4199,334120,215
4201,273840,831
4203,368000,901
4205,360680,753
4207,263320,142
4209,240300,548
4211,317530,281
4213,210894,429
4215,338960,863
4217,297110,14
4219,2870,161
4221,338100,761
4223,297891,407
4225,268420,896
4227,351050,255
4229,295025,351
4231,324090,713
4233,313010,70
4235,299360,360
4237,65070,963
4239,335700,960
4241,324120,567
4243,285350,495
4245,327910,207
4247,224040,488
4249,200880,582
4251,289880,811
4253,312410,348
4255,295057,824
4257,264540,527
4259,212030,116
4261,115120,981
4263,210066,971
4265,235600,854
4267,365590,652
4269,333087,24
4271,261160,622
4273,227563,876
4275,57700,742
4277,200170,37
4279,38140,450
4281,65560,359
4283,7840,725
4285,208600,959
4287,236970,629
4289,241300,483
4291,25897,8
4293,270450,480
4295,295052,679
4297,270760,412
4299,322110,350
4301,356100,551
4303,291190,679
4305,284070,764
4307,363440,548
4309,348470,809
4311,358260,198
4313,315840,918
4315,40408,68
4317,65231,363
4319,315840,855
4321,23500,491
4323,236090,642
4325,72740,465
4327,232050,669
4329,355820,446
4331,46280,706
4333,333800,178
4335,215433,679
4337,359400,98
4339,210076,79
4341,249230,61
4343,302650,832
4345,259000,361
4347,227400,625
4349,2320,258
4351,316860,228
4353,42210,476
4355,288220,291
4357,222240,382
4359,296470,779
4361,255260,857
4363,251890,837
4365,294580,487
4367,306480,241
4369,304133,744
4371,278712,245
4373,21000,854
4375,348620,676
4377,320720,298
4379,295016,430
4381,344190,304
4383,273820,5
4385,273860,760
4387,335840,466
4389,359620,459
4391,231490,41
4393,359781,518
4395,336900,364
4397,230820,478
4399,318411,398
4401,338372,91
4403,324740,817
4405,238090,1000
4407,265830,191
4409,290340,737
4411,290510,627
4413,344530,366
4415,314450,264
4417,3010,653
4419,363270,355
4421,306040,560
4423,207000,695
4425,267772,13
4427,258657,208
4429,343440,404
4431,48190,889
4433,325090,319
4435,311380,337
4437,286670,183
4439,274120,29
4441,351080,988
4443,319290,904
4445,202181,696
4447,320710,357
4449,240500,717
4451,295086,774
4453,360112,66
4455,314430,620
4457,228200,244
4459,244750,322
4461,247020,590
4463,201490,160
4465,210056,965
4467,222520,990
4469,352189,658
4471,293240,796
4473,39200,188
4475,20540,785
4477,323470,450
4479,281341,267
4481,223593,974
4483,270550,625
4485,369761,786
4487,233510,506
4489,253610,366
4491,324344,114
4493,213311,1000
4495,71230,644
4497,312790,210
4499,244610,340
4501,352370,472
4503,268930,541
4505,209730,371
4507,257690,560
4509,250500,746
4511,238910,910
4513,304130,847
4515,338070,440
4517,37380,623
4519,258650,561
4521,38720,33
4523,358350,886
4525,63660,969
4527,271476,506
4529,320730,662
4531,17100,349
4533,4530,253
4535,51030,203
4537,73092,340
4539,277756,931
4541,303330,961
4543,329011,901
4545,294940,57
4547,340000,91
4549,226780,579
4551,234210,244
4553,208356,309
4555,247291,710
4557,94300,357
4559,238304,970
4561,347280,40
4563,56480,857
4565,286962,696
4567,208544,834
4569,297511,345
4571,73181,734
4573,258388,107
4575,204282,718
4577,367820,639
4579,326650,71
4581,326950,800
4583,354740,968
4585,222602,376
4587,314120,575
4589,65246,476
4591,40320,39
4593,12600,543
4595,366750,960
4597,213312,815
4599,352190,395
4601,231489,494
4603,294912,103
4605,237620,771
4607,241320,11
4609,208814,337
4611,55400,643
4613,278710,518
4615,349938,988
4617,233840,562
4619,205020,666
4621,221180,853
4623,13620,551
4625,222079,106
4627,344840,23
4629,70100,464
4631,31870,649
4633,222096,456
4635,295037,734
4637,364100,915
4639,287700,91
4641,367120,720
4643,336030,706
4645,202450,37
4647,325969,555
4649,261409,366
4651,319011,309
4653,326070,756
4655,343613,258
4657,322080,599
4659,109500,852
4661,301730,676
4663,318440,805
4665,311800,913
4667,336440,252
4669,316671,696
4671,253410,832
4673,278080,818
4675,4100,705
4677,363440,327
4679,313590,813
4681,275200,473
4683,2340,486
4685,231200,41
4687,10608,366
4689,364380,197
4691,219443,607
4693,202670,188
4695,227100,949
4697,342778,296
4699,363530,761
4701,305820,422
4703,349510,35
4705,295439,3
4707,305480,8
4709,11250,33
4711,295438,550
4713,340410,380
4715,342787,755
4717,318591,210
4719,224900,279
4721,328640,184
4723,295012,988
4725,216174,842
4727,234771,913
4729,340400,101
4731,345090,48
4733,361210,247
4735,271850,55
4737,246360,493
4739,47790,958
4741,345200,281
4743,331061,669
4745,220160,346
4747,24480,643
4749,224960,271
4751,270550,942
4753,259120,125
4755,212041,121
4757,209000,743
4759,272060,635
4761,313360,109
4763,284100,672
4765,324020,596
4767,347490,30
4769,357090,571
4771,230350,376
4773,49330,982
4775,350380,145
4777,369800,3
4779,225540,670
4781,92100,43
4783,339031,744
4785,362150,346
4787,357600,650
4789,332130,434
4791,348340,932
4793,333690,226
4795,361360,810
4797,332290,447
4799,356420,181
4801,286965,933
4803,222576,531
4805,329880,980
4807,51020,772
4809,73115,917
4811,70617,266
4813,327860,563
4815,261600,101
4817,369802,494
4819,343070,688
4821,2600,509
4823,108200,145
4825,230700,353
4827,295208,932
4829,210054,119
4831,207350,539
4833,229520,455
4835,217790,647
4837,329180,415
4839,281601,49
4841,258804,67
4843,16620,994
4845,335982,894
4847,292390,312
4849,281820,94
4851,107600,28
4853,80204,861
4855,290280,569
4857,271457,628
4859,344173,69
4861,356560,717
4863,363980,656
4865,362010,494
4867,49810,597
4869,265465,220
4871,357890,921
4873,223792,350
4875,364470,160
4877,259253,998
4879,366140,952
4881,21100,683
4883,367700,412
4885,236370,640
4887,206140,551
4889,235520,333
4891,56487,141
4893,334270,790
4895,281606,111
4897,340350,162
4899,42904,958
4901,319870,992
4903,257930,622
4905,208280,809
4907,313381,461
4909,348440,523
4911,363330,610
4913,16867,524
4915,256555,283
4917,57620,348
4919,301113,6
4921,328450,439
4923,326027,983
4925,361841,926
4927,33540,999
4929,20,901
4931,294919,318
4933,228280,96
4935,271415,658
4937,310600,846
4939,210069,646
4941,217961,763
4943,294390,720
4945,205530,408
4947,45792,781
4949,341660,11
4951,364190,724
4953,343613,8
4955,65228,750
4957,305200,961
4959,252050,921
4961,354040,525
4963,240,180
4965,277741,174
4967,210905,913
4969,342920,186
4971,356500,889
4973,6920,22
4975,356124,959
4977,308380,621
4979,297515,358
4981,268970,281
4983,304212,21
4985,26007,10
4987,334442,638
4989,245890,869
4991,296990,208
4993,236110,394
4995,297920,737
4997,365510,557
4999,366640,699
5001,3310,209
5003,305960,608
5005,276300,804
5007,46362,32
5009,268770,893
5011,273300,523
5013,295004,720
5015,340370,923
5017,294975,329
5019,326431,36
5021,302970,556
5023,297070,629
5025,369060,988
5027,259121,63
5029,256180,628
5031,246050,585
5033,244050,179
5035,238930,329
5037,210170,189
5039,272060,356
5041,262920,276
5043,80,920
5045,256501,850
5047,350690,477
5049,285920,21
5051,248710,941
5053,23420,880
5055,63650,574
5057,365070,193
5059,42220,796
5061,343930,715
5063,316542,695
5065,359500,439
5067,334792,326
5069,369813,312
5071,258674,847
5073,215630,534
5075,288000,341
5077,322990,648
5079,270010,684
5081,327174,976
5083,364740,750
5085,345580,279
5087,339398,251
5089,251730,544
5091,341770,220
5093,314240,526
5095,271464,151
5097,344440,790
5099,348880,845
5101,335990,962
5103,277748,179
5105,295203,132
5107,204390,247
5109,311850,592
5111,336870,863
5113,294923,618
5115,282516,20
5117,358000,917
5119,282280,11
5121,295037,987
5123,354426,415
5125,215000,493
5127,260130,399
5129,3580,234
5131,320720,548
5133,342230,275
5135,256522,99
5137,328900,166
5139,326021,219
5141,256552,790
5143,237760,929
5145,326045,546
5147,289200,62
5149,320372,148
5151,211206,997
5153,342781,530
5155,323570,358
5157,50,847
5159,308560,897
5161,360580,670
5163,49330,262
5165,363351,968
5167,11200,335
5169,275700,415
5171,357450,381
5173,291050,717
5175,222106,179
5177,294929,328
5179,207080,635
5181,72905,289
5183,295004,403
5185,353560,585
5187,55230,85
5189,329670,468
5191,213670,515
5193,96900,666
5195,226671,485
5197,267900,804
5199,306000,715
5201,203350,641
5203,262960,254
5205,205063,33
5207,265463,501
5209,45302,226
5211,345340,640
5213,268130,770
5215,239391,107
5217,256555,134
5219,311720,456
5221,294190,847
5223,42890,417
5225,51020,728
5227,325260,621
5229,337110,59
5231,305460,128
5233,1256,495
5235,344770,94
5237,355150,973
5239,271457,633
5241,340170,410
5243,347493,397
5245,305030,984
5247,326520,585
5249,249106,677
5251,208817,853
5253,368760,87
5255,225360,49
5257,259810,412
5259,264600,117
5261,359930,463
5263,369787,153
5265,356440,799
5267,325370,964
5269,92803,81
5271,222076,437
5273,55393,214
5275,315810,392
5277,292050,888
5279,42820,302
5281,362680,415
5283,332530,157
5285,222980,966
5287,346670,609
5289,32660,109
5291,321182,24
5293,43600,458
5295,294978,222
5297,210077,558
5299,3483,713
5301,343460,564
5303,208809,22
5305,356430,20
5307,218510,507
5309,355380,817
5311,352960,612
5313,15970,223
5315,265090,737
5317,210059,26
5319,294000,150
5321,320410,422
5323,209548,241
5325,110800,72
5327,223630,31
5329,47892,537
5331,4230,231
5333,212780,993
5335,293980,814
5337,24670,265
5339,105802,133
5341,304130,402
5343,302450,237
5345,333814,991
5347,276870,395
5349,356870,409
5351,255252,305
5353,331350,33
5355,313980,129
5357,22350,738
5359,268120,740
5361,298680,235
5363,342350,562
5365,13570,28
5367,72750,582
5369,49810,811
5371,7670,511
5373,367300,945
5375,225821,81
5377,333990,423
5379,213610,571
5381,361930,640
5383,277842,912
5385,18522,327
5387,301112,327
5389,91900,311
5391,263560,972
5393,40800,419
5395,262690,141
5397,279622,959
5399,325968,765
5401,311490,702
5403,24670,984
5405,72750,99
5407,363420,823
5409,304150,340
5411,22470,692
5413,94300,515
5415,239800,958
5417,294330,428
5419,271760,351
5421,297894,434
5423,339910,690
5425,298771,358
5427,286631,255
5429,275163,222
5431,277731,287
5433,308268,596
5435,38740,748
5437,261401,144
5439,244410,569
5441,320690,953
5443,22633,998
5445,345030,11
5447,286830,859
5449,319230,126
5451,318490,363
5453,204371,956
5455,294860,520
5457,234270,582
5459,204386,908
5461,226672,199
5463,317580,615
5465,322980,362
5467,275139,638
5469,12140,674
5471,326790,719
5473,294939,347
5475,208352,850
5477,318230,495
5479,3560,666
5481,210036,678
5483,204380,971
5485,346090,150
5487,342826,816
5489,41680,892
5491,362980,134
5493,223597,735
5495,258653,598
5497,366190,368
5499,102622,332
5501,323680,289
5503,206420,711
5505,252890,436
5507,262190,223
5509,7220,906
5511,291290,192
5513,281060,337
5515,222569,777
5517,268750,170
5519,258010,686
5521,257070,495
5523,328270,65
5525,223750,152
5527,339480,415
5529,273370,191
5531,250930,620
5533,346660,804
5535,361190,464
5537,245490,79
5539,222063,816
5541,342330,63
5543,301896,646
5545,312990,422
5547,236660,39
5549,222093,752
5551,342765,540
5553,308172,515
5555,80360,384
5557,328590,824
5559,208292,578
5561,226560,597
5563,282050,788
5565,296450,636
5567,352030,567
5569,277745,918
5571,363420,266
5573,281260,739
5575,316865,168
5577,272040,373
5579,367890,916
5581,340840,331
5583,2840,739
5585,201279,733
5587,333210,714
5589,342777,154
5591,220900,12
5593,317850,591
5595,345630,208
5597,248630,712
5599,206139,779
5601,348860,820
5603,324400,74
5605,10230,348
5607,222140,602
5609,319510,201
5611,324730,317
5613,346261,260
5615,262450,944
5617,369813,687
5619,12220,141
5621,359580,251
5623,263960,528
5625,358000,520
5627,238750,399
5629,70617,33
5631,206173,944
5633,268710,888
5635,222066,451
5637,200230,850
5639,71116,144
5641,258644,567
5643,500,930
5645,359060,97
5647,15080,647
5649,238302,822
5651,295099,305
5653,251060,101
5655,215004,131
5657,335620,825
5659,339760,940
5661,332630,636
5663,305050,632
5665,237760,177
5667,237621,16
5669,215246,330
5671,345120,808
5673,245150,940
5675,272920,179
5677,234670,807
5679,308400,364
5681,343950,576
5683,281770,214
5685,319080,411
5687,315610,223
5689,32450,689
5691,12330,427
5693,292880,11
5695,331580,203
5697,369290,234
5699,242960,513
5701,269590,5
5703,326270,698
5705,264610,196
5707,258418,757
5709,215255,435
5711,253980,6
5713,356400,324
5715,355270,579
5717,297840,955
5719,301248,365
5721,40406,497
5723,318412,984
5725,350610,56
5727,261430,374
5729,342841,115
5731,288930,357
5733,344900,134
5735,289980,174
5737,56438,729
5739,349930,962
5741,289060,463
5743,242980,495
5745,70640,883
5747,277765,828
5749,369810,271
5751,320370,692
5753,201100,151
5755,300150,179
5757,210066,611
5759,356880,595
5761,334790,497
5763,343423,873
5765,272040,786
5767,277751,374
5769,352021,117
5771,34343,448
5773,354280,660
5775,301640,657
5777,256440,887
5779,365870,214
5781,228601,669
5783,210230,576
5785,352170,817
5787,73030,424
5789,290990,313
5791,222050,179
5793,63640,590
5795,302110,55
5797,307110,866
5799,2390,420
5801,295199,879
5803,326480,38
5805,238300,622
5807,302290,971
5809,313932,920
5811,316520,680
5813,19200,160
5815,298220,130
5817,291650,321
5819,217290,217
5821,287900,751
5823,201877,627
5825,330280,528
5827,230700,813
5829,357310,758
5831,353980,19
5833,258643,567
5835,115340,47
5837,350770,30
5839,333900,45
5841,344410,207
5843,323040,697
5845,328171,213
5847,360095,741
5849,202522,929
5851,55203,31
5853,271441,141
5855,351090,955
5857,270750,162
5859,24720,708
5861,348970,701
5863,250700,46
5865,102850,69
5867,264841,966
5869,37390,899
5871,319140,249
5873,333170,517
5875,296930,882
5877,295177,945
5879,260860,813
5881,202650,733
5883,325973,763
5885,27200,603
5887,294340,779
5889,90207,242
5891,334390,334
5893,208817,664
5895,295530,814
5897,249102,398
5899,201881,470
5901,327500,152
5903,244450,641
5905,296530,860
5907,273850,998
5909,206175,379
5911,302370,494
5913,333400,613
5915,236370,847
5917,359522,91
5919,238320,586
5921,361350,160
5923,369760,906
5925,210067,393
5927,351140,778
5929,340210,668
5931,339440,311
5933,294913,377
5935,346040,203
5937,57923,781
5939,368950,829
5941,304150,772
5943,225832,662
5945,292620,444
5947,325138,990
5949,55020,649
5951,347830,987
5953,304213,930
5955,1620,474
5957,347820,422
5959,355060,139
5961,112100,644
5963,347494,206
5965,343956,763
5967,368360,78
5969,326004,412
5971,215431,406
5973,56437,769
5975,302670,387
5977,315397,253
5979,41600,936
5981,356290,354
5983,343594,226
5985,264220,128
5987,295435,351
5989,315860,31
5991,262900,380
5993,363420,972
5995,239030,82
5997,326950,132
5999,331062,333
6001,226672,166
6003,274050,193
6005,340570,682
6007,2450,748
6009,305470,963
6011,336680,391
6013,252450,696
6015,3800,90
6017,248753,854
6019,230650,498
6021,226780,932
6023,314520,192
6025,356630,479
6027,38070,207
6029,209362,121
6031,6830,835
6033,233310,703
6035,297990,634
6037,302690,460
6039,286460,214
6041,326014,90
6043,271963,410
6045,352720,991
6047,339470,417
6049,361500,269
6051,358030,261
6053,80330,345
6055,42716,358
6057,369610,158
6059,34283,465
6061,292630,904
6063,312530,456
6065,215435,468
6067,337650,186
6069,342852,415
6071,17740,835
6073,286690,298
6075,46270,205
6077,319970,722
6079,73058,925
6081,201070,928
6083,312540,726
6085,207750,643
6087,368220,716
6089,286320,428
6091,1620,172
6093,253650,737
6095,244030,10
6097,210113,524
6099,316510,107
6101,295201,906
6103,264280,171
6105,348210,895
6107,300280,350
6109,21800,802
6111,295057,579
6113,294982,281
6115,207230,535
6117,322520,294
6119,362140,136
6121,295022,258
6123,225360,319
6125,23500,485
6127,231483,744
6129,24640,630
6131,310870,44
6133,92100,742
6135,292630,307
6137,325730,720
6139,316790,79
6141,253150,685
6143,335420,442
6145,8690,429
6147,310490,309
6149,46362,883
6151,338060,29
6153,274121,360
6155,342640,771
6157,281750,110
6159,223598,264
6161,331880,620
6163,317950,317
6165,310370,708
6167,72907,77
6169,258398,499
6171,263720,588
6173,349710,714
6175,225420,794
6177,292760,908
6179,262810,112
6181,113420,726
6183,363660,532
6185,2400,592
6187,271417,946
6189,364300,679
6191,214340,663
6193,73039,26
6195,201790,904
6197,316860,656
6199,22120,459
6201,316671,361
6203,259130,999
6205,320430,139
6207,298480,535
6209,330260,556
6211,328230,326
6213,295081,698
6215,369390,35
6217,2290,565
6219,207490,624
6221,49000,871
6223,295009,929
6225,311590,247
6227,311980,58
6229,60700,515
6231,264840,496
6233,328270,821
6235,206173,295
6237,210906,577
6239,11150,646
6241,271476,146
6243,267960,412
6245,312690,750
6247,295046,213
6249,201810,892
6251,297641,866
6253,209650,901
6255,39120,310
6257,359370,694
6259,270150,689
6261,363930,370
6263,38070,900
6265,359070,613
6267,277650,712
6269,281103,221
6271,28010,879
6273,214340,861
6275,295067,291
6277,302190,895
6279,260880,70
6281,301920,568
6283,2270,177
6285,99410,724
6287,339250,488
6289,336290,941
6291,369814,688
6293,307770,874
6295,346250,110
6297,271570,872
6299,219200,368
6301,259890,948
6303,247910,213
6305,326690,252
6307,312310,45
6309,3480,678
6311,244061,132
6313,283620,621
6315,261070,80
6317,331072,559
6319,367430,745
6321,57923,84
6323,354330,294
6325,222820,769
6327,365660,917
6329,40406,918
6331,330820,31
6333,354890,185
6335,314290,582
6337,327920,639
6339,311050,202
6341,249092,354
6343,16600,206
6345,343611,7
6347,204371,983
6349,249114,423
6351,259170,846
6353,50513,419
6355,314290,987
6357,202951,795
6359,322022,635
6361,369030,883
6363,222094,805
6365,11230,189
6367,214970,781
6369,208287,813
6371,282550,945
6373,320372,765
6375,299540,418
6377,325160,947
6379,337040,488
6381,222240,51
6383,63004,621
6385,200230,614
6387,340950,126
6389,300510,533
6391,353080,179
6393,206370,841
6395,282070,696
6397,10600,131
6399,337320,808
6401,342830,149
6403,343952,910
6405,294990,902
6407,294947,134
6409,57700,159
6411,338310,581
6413,369772,185
6415,335620,298
6417,38080,970
6419,99614,268
6421,363950,839
6423,366140,71
6425,277841,583
6427,369430,711
6429,13200,203
6431,256290,444
6433,96800,586
6435,34288,928
6437,349680,812
6439,328020,525
6441,238530,165
6443,630,825
6445,215251,989
6447,249103,181
6449,354050,184
6451,324310,614
6453,9460,928
6455,204900,609
6457,222660,751
6459,39680,40
6461,270750,803
6463,277844,627
6465,282511,543
6467,342836,496
6469,281840,963
6471,24240,950
6473,263480,905
6475,303430,333
6477,2810,773
6479,346670,985
6481,380,970
6483,323700,999
6485,359840,774
6487,316140,273
6489,346010,273
6491,364880,234
6493,297060,302
6495,278480,456
6497,104100,642
6499,354465,265
6501,214988,504
6503,332020,246
6505,351490,706
6507,363670,499
6509,327340,760
6511,285380,822
6513,3390,191
6515,215245,437
6517,222554,107
6519,71167,646
6521,316660,184
6523,354810,165
6525,287095,519
6527,347491,448
6529,303790,935
6531,292910,875
6533,222071,268
6535,244870,585
6537,200490,769
6539,318490,439
6541,344171,994
6543,356380,195
6545,304132,465
6547,339040,749
6549,208318,351
6551,356820,320
6553,201000,433
6555,360680,870
6557,210044,759
6559,233592,647
6561,283000,845
6563,362830,872
6565,252550,307
6567,313520,628
6569,299170,9
6571,48700,971
6573,294981,864
6575,305660,603
6577,354427,341
6579,9880,521
6581,10100,83
6583,265170,202
6585,258640,789
6587,363920,41
6589,342755,196
6591,369787,748
6593,367800,428
6595,258399,353
6597,202310,207
6599,205550,174
6601,214933,575
6603,265810,790
6605,315450,44
6607,256521,887
6609,364321,423
6611,305050,78
6613,286634,434
6615,336930,444
6617,256321,211
6619,346610,302
6621,263980,340
6623,276750,730
6625,225428,836
6627,342280,996
6629,238460,597
6631,369502,340
6633,32670,907
6635,33520,562
6637,343140,369
6639,287020,816
6641,39670,658
6643,234782,7
6645,296990,236
6647,295004,311
6649,37500,39
6651,222561,18
6653,331892,415
6655,271429,384
6657,316541,753
6659,225860,790
6661,338100,63
6663,209850,876
6665,204388,274
6667,25500,741
6669,325790,46
6671,261400,722
6673,23700,965
6675,2600,640
6677,369798,594
6679,71112,404
6681,360650,558
6683,349460,6
6685,312660,330
6687,249913,176
6689,327950,87
6691,360400,491
6693,210932,523
6695,299300,887
6697,358390,419
6699,340350,261
6701,343591,531
6703,271472,839
6705,92621,164
6707,297641,331
6709,301540,386
6711,321160,545
6713,331450,528
6715,364390,175
6717,217961,640
6719,350810,297
6721,339381,533
6723,306290,223
6725,288880,184
6727,249116,448
6729,334772,285
6731,369818,347
6733,10500,436
6735,206370,663
6737,47894,221
6739,316660,43
6741,281602,976
6743,340661,172
6745,208750,455
6747,346390,54
6749,41700,327
6751,203140,634
6753,297892,341
6755,341770,29
6757,294955,680
6759,230882,115
6761,306340,166
6763,214981,402
6765,208742,706
6767,231455,406
6769,326031,373
6771,313320,379
6773,322190,51
6775,357970,71
6777,301115,591
6779,222625,448
6781,11340,895
6783,286630,399
6785,321880,526
6787,269710,809
6789,210083,242
6791,36900,119
6793,244410,143
6795,206163,470
6797,280200,838
6799,258416,896
6801,234780,174
6803,205100,717
6805,317833,66
6807,215431,46
6809,333110,144
6811,254700,265
6813,278481,704
6815,262370,239
6817,230310,247
6819,218230,607
6821,317030,941
6823,362460,537
6825,270830,712
6827,252430,765
6829,263760,869
6831,271498,49
6833,322021,272
6835,336760,248
6837,369763,854
6839,340530,900
6841,115210,937
6843,33930,450
6845,235210,779
6847,291480,727
6849,342850,468
6851,347260,608
6853,333080,635
6855,332610,696
6857,295067,659
6859,312970,378
6861,335990,77
6863,367060,402
6865,347470,889
6867,270760,89
6869,209801,179
6871,203341,863
6873,336420,115
6875,326013,766
6877,360421,853
6879,39540,744
6881,366420,179
6883,230882,225
6885,321600,527
6887,326020,519
6889,224760,526
6891,210908,578
6893,360426,157
6895,327170,61
6897,351870,63
6899,325504,539
6901,281602,183
6903,333400,832
6905,326530,156
6907,210058,17
6909,201010,553
6911,42210,4
6913,290790,37
6915,231468,638
6917,258375,542
6919,35600,637
6921,32420,185
6923,47110,310
6925,346791,91
6927,243950,910
6929,31300,86
6931,337670,670
6933,324680,214
6935,304690,648
6937,295193,954
6939,267785,764
6941,42965,248
6943,305390,356
6945,297512,991
6947,323670,629
6949,3270,857
6951,330370,493
6953,367250,873
6955,341530,432
6957,300870,461
6959,333600,494
6961,250680,650
6963,348684,371
6965,25010,64
6967,340540,23
6969,275806,109
6971,332210,796
6973,218040,578
6975,356960,484
6977,360650,239
6979,223710,230
6981,249290,756
6983,310260,272
6985,286460,813
6987,306396,285
6989,337980,39
6991,357780,727
6993,294690,174
6995,291050,813
6997,294923,526
6999,73030,140
7001,22500,523
7003,215259,940
7005,299280,559
7007,12540,884
7009,37290,955
7011,259190,914
7013,316671,351
7015,310040,26
7017,318414,325
7019,336730,808
7021,333770,702
7023,270942,628
7025,357750,947
7027,222480,983
7029,208400,515
7031,360120,973
7033,37240,32
7035,343961,640
7037,319910,537
7039,215251,7
7041,222103,895
7043,2870,21
7045,347250,274
7047,365620,356
7049,294982,615
7051,65200,874
7053,362030,348
7055,18440,194
7057,298600,803
7059,343461,196
7061,61510,446
7063,367010,344
7065,268240,887
7067,93200,249
7069,248390,525
7071,330350,390
7073,261960,473
7075,13620,42
7077,25898,608
7079,35130,866
7081,358650,45
7083,311930,945
7085,310990,235
7087,315330,452
7089,329240,937
7091,311690,521
7093,301250,407
7095,243160,226
7097,344140,63
7099,281600,980
7101,230892,674
7103,294600,516
7105,255940,642
7107,246257,274
7109,208296,142
7111,313373,883
7113,341070,157
7115,9160,130
7117,323630,866
7119,318130,383
7121,331470,249
7123,295188,231
7125,346260,768
7127,201480,780
7129,369490,197
7131,359520,729
7133,364640,71
7135,262210,517
7137,240720,165
7139,41814,662
7141,34343,236
7143,329460,148
7145,368890,570
7147,279480,904
7149,38185,429
7151,289880,234
7153,238304,346
7155,312150,268
7157,269790,5
7159,267773,815
7161,22420,851
7163,311800,367
7165,35419,767
7167,247660,829
7169,326691,139
7171,342803,36
7173,327390,879
7175,39392,277
7177,253630,386
7179,222569,72
7181,235820,694
7183,286770,568
7185,369570,944
7187,368730,168
7189,361360,353
7191,333640,407
7193,307560,553
7195,286964,28
7197,284020,43
7199,320650,222
7201,359810,326
7203,369807,490
7205,33770,669
7207,342841,731
7209,210950,740
7211,55398,666
7213,207230,384
7215,222609,611
7217,258356,365
7219,334540,903
7221,45794,321
7223,35140,416
7225,249930,654
7227,32200,293
7229,344290,428
7231,357280,837
7233,353000,155
7235,31930,797
7237,288940,26
7239,29130,308
7241,31100,141
7243,301760,578
7245,207710,721
7247,49000,681
7249,295435,462
7251,357940,839
7253,203060,608
7255,214930,551
7257,294945,45
7259,71260,394
7261,344270,821
7263,331060,906
7265,271467,816
7267,346080,124
7269,351470,374
7271,368730,379
7273,312650,560
7275,295099,168
7277,11190,88
7279,291471,164
7281,65256,616
7283,45400,487
7285,295610,307
7287,246880,424
7289,55399,493
7291,240612,314
7293,368260,955
7295,247370,304
7297,320670,260
7299,369430,610
7301,342833,998
7303,25910,323
7305,234390,271
7307,261160,322
7309,222140,147
7311,215257,705
7313,337120,899
7315,307110,509
7317,363930,701
7319,25940,832
7321,237030,141
7323,307670,84
7325,298020,494
7327,352140,81
7329,80310,182
7331,295068,907
7333,295490,445
7335,232634,548
7337,208307,788
7339,312400,216
7341,323730,698
7343,339510,787
7345,322330,184
7347,220200,296
7349,73037,654
7351,209120,881
7353,364630,959
7355,287093,952
7357,208520,718
7359,215450,81
7361,264440,375
7363,263320,834
7365,277774,156
7367,275510,107
7369,261160,453
7371,326036,743
7373,212671,698
7375,37220,305
7377,246740,672
7379,334990,917
7381,357030,989
7383,366610,196
7385,206173,487
7387,325430,988
7389,324590,542
7391,257850,122
7393,256190,664
7395,280600,419
7397,12460,779
7399,218241,824
7401,352189,156
7403,346180,845
7405,40980,319
7407,339350,307
7409,231492,542
7411,310032,546
7413,344740,717
7415,337650,190
7417,8790,348
7419,253570,822
7421,210970,593
7423,247291,630
7425,361890,842
7427,326950,713
7429,326033,233
7431,329000,652
7433,300820,63
7435,258409,864
7437,362030,627
7439,349830,912
7441,296710,302
7443,222093,347
7445,320721,55
7447,288120,437
7449,25940,243
7451,325135,346
7453,250400,348
7455,360098,952
7457,208292,238
7459,296850,96
7461,73039,388
7463,296650,547
7465,201273,555
7467,351300,494
7469,259130,587
7471,271640,529
7473,356180,805
7475,332420,968
7477,367220,330
7479,360960,562
7481,271429,355
7483,321474,149
7485,330390,264
7487,203341,738
7489,314300,953
7491,369970,937
7493,242680,607
7495,348070,364
7497,355150,43
7499,344760,790
7501,207610,81
7503,231474,210
7505,337650,521
7507,111403,201
7509,2520,605
7511,345230,345
7513,234789,986
7515,277679,442
7517,358200,253
7519,229629,877
7521,8790,46
7523,32500,957
7525,290402,7
7527,71120,303
7529,337730,43
7531,70500,126
7533,345930,209
7535,294959,937
7537,10180,108
7539,295990,320
7541,314570,790
7543,294830,203
7545,294931,331
7547,226840,972
7549,260040,401
7551,222549,157
7553,307920,58
7555,331570,25
7557,208294,180
7559,358320,658
7561,296220,406
7563,258950,580
7565,314300,390
7567,325420,806
7569,295015,247
7571,3320,487
7573,35102,530
7575,328740,274
7577,342828,798
7579,215972,796
7581,42960,277
7583,239070,534
7585,334350,814
7587,261390,525
7589,344730,298
7591,208346,137
7593,234630,22
7595,279720,404
7597,326150,87
7599,306399,33
7601,47893,836
7603,205650,501
7605,17470,361
7607,230882,1
7609,205870,182
7611,46000,394
7613,206179,656
7615,331250,239
7617,216670,783
7619,257260,379
7621,63650,492
7623,325958,571
7625,209370,405
7627,33540,968
7629,2910,683
7631,258070,130
7633,270790,139
7635,10240,256
7637,258416,554
7639,301242,857
7641,226370,824
7643,210893,835
7645,324760,656
7647,57620,140
7649,258648,558
7651,248160,984
7653,287760,189
7655,222520,496
7657,349100,463
7659,264460,12
7661,251170,52
7663,321472,837
7665,284260,788
7667,210040,148
7669,258355,767
7671,349250,939
7673,206714,236
7675,292140,373
7677,226960,748
7679,361620,418
7681,295199,165
7683,308180,218
7685,221830,7
7687,93207,377
7689,286100,849
7691,342815,163
7693,262370,258
7695,360340,684
7697,245280,882
7699,234771,940
7701,362160,829
7703,4000,476
7705,292990,423
7707,340020,726
7709,369506,294
7711,294040,234
7713,222660,429
7715,230887,598
7717,225825,850
7719,225826,110
7721,2540,454
7723,316530,289
7725,25815,22
7727,325972,951
7729,202860,310
7731,255050,968
7733,227380,237
7735,344270,755
7737,261720,480
7739,339090,252
7741,225429,666
7743,317832,358
7745,346920,555
7747,264840,736
7749,16465,262
7751,230760,339
7753,297645,98
7755,230883,691
7757,35417,848
7759,229580,980
7761,345900,723
7763,207690,994
7765,287220,233
7767,282100,814
7769,274130,804
7771,261350,151
7773,41060,49
7775,349450,716
7777,362860,433
7779,339430,981
7781,210932,168
7783,326670,146
7785,336851,927
7787,358070,219
7789,12210,704
7791,369610,758
7793,277753,887
7795,302750,736
7797,365270,646
7799,304133,135
7801,348687,338
7803,277768,512
7805,263860,629
7807,203770,128
7809,213330,741
7811,368910,860
7813,221020,939
7815,367870,412
7817,287900,270
7819,294310,520
7821,210046,354
7823,222630,374
7825,65252,409
7827,230760,630
7829,350780,684
7831,241560,884
7833,348687,53
7835,252910,899
7837,305720,665
7839,359320,508
7841,256539,838
7843,341030,57
7845,70615,279
7847,55392,90
7849,313190,710
7851,312200,11
7853,347800,282
7855,294440,181
7857,328000,693
7859,284160,846
7861,263100,699
7863,342787,61
7865,201805,871
7867,322140,155
7869,33730,800
7871,317940,662
7873,267490,953
7875,204319,454
7877,309920,473
7879,349250,909
7881,365320,706
7883,34640,322
7885,10100,282
7887,294918,181
7889,211360,622
7891,294530,473
7893,278530,965
7895,243950,572
7897,46550,941
7899,314160,199
7901,208286,928
7903,276810,176
7905,355310,184
7907,282740,223
7909,286963,817
7911,73093,537
7913,292711,443
7915,353550,845
7917,292620,94
7919,304133,476
7921,311170,941
7923,226673,731
7925,29620,79
7927,227220,56
7929,253710,62
7931,24095,440
7933,330580,85
7935,24021,677
7937,231468,61
7939,327090,39
7941,204384,78
7943,299110,941
7945,265380,984
7947,250300,474
7949,108200,257
7951,369768,354
7953,292981,941
7955,269590,280
7957,348550,296
7959,45750,751
7961,369970,876
7963,17330,601
7965,317280,142
7967,345930,157
7969,25806,45
7971,365210,640
7973,242860,555
7975,40407,966
7977,348620,381
7979,342660,694
7981,16020,383
7983,278530,36
7985,333083,622
7987,351555,779
7989,230882,804
7991,7210,218
7993,304730,703
7995,358650,622
7997,222055,978
7999,247350,365
8001,269530,436
8003,237070,756
8005,249310,520
8007,207168,7
8009,299110,913
8011,7210,190
8013,295028,261
8015,249108,195
8017,365680,770
8019,291770,358
8021,349510,54
8023,292840,64
8025,38920,15
8027,320710,535
8029,273153,717
8031,285550,455
8033,33750,658
8035,215470,133
8037,210069,732
8039,8880,434
8041,354462,399
8043,67360,515
8045,264840,993
8047,342000,352
8049,202670,637
8051,73193,537
8053,317030,522
8055,290280,502
8057,302340,182
8059,356520,988
8061,7770,44
8063,228601,805
8065,325590,644
8067,247303,796
8069,322690,269
8071,254920,556
8073,265690,59
8075,278360,274
8077,50930,724
8079,345670,370
8081,290790,905
8083,364200,103
8085,36910,154
8087,42980,594
8089,19830,245
8091,342815,95
8093,336380,628
8095,351470,680
8097,270700,348
8099,301650,525
8101,208813,359
8103,336150,739
8105,231487,92
8107,284970,153
8109,55397,115
8111,277737,592
8113,22364,755
8115,335830,323
8117,257850,609
8119,329340,55
8121,236790,535
8123,297050,843
8125,357440,562
8127,351330,988
8129,4580,975
8131,274290,847
8133,356450,464
8135,343810,549
8137,318875,582
8139,325430,606
8141,28011,35
8143,264320,112
8145,41660,694
8147,361360,101
8149,202530,256
8151,360520,418
8153,205950,266
8155,356390,61
8157,325976,567
8159,351160,40
8161,259660,548
8163,253710,182
8165,329680,870
8167,305960,975
8169,355950,646
8171,1250,468
8173,265750,564
8175,34272,781
8177,292090,326
8179,215390,26
8181,352810,7
8183,246070,835
8185,350310,122
8187,319011,124
8189,346660,716
8191,42890,692
8193,312300,985
8195,347105,649
8197,249117,782
8199,21780,454
8201,239430,324
8203,258050,125
8205,284220,79
8207,316500,188
8209,252150,369
8211,239160,622
8213,4570,783
8215,360098,988
8217,42820,412
8219,8870,655
8221,257730,2
8223,245970,325
8225,343070,338
8227,335520,99
8229,317230,254
8231,310110,302
8233,358830,651
8235,244066,470
8237,325640,192
8239,215972,184
8241,304140,311
8243,331470,740
8245,3710,591
8247,347590,848
8249,232550,715
8251,208361,944
8253,55389,588
8255,341730,175
8257,277721,197
8259,15620,263
8261,80330,523
8263,6920,541
8265,55399,882
8267,282860,528
8269,339070,119
8271,246980,776
8273,229790,268
8275,364750,328
8277,301990,766
8279,287960,645
8281,308310,204
8283,210046,417
8285,222221,161
8287,258816,175
8289,266050,645
8291,349980,182
8293,22650,516
8295,314380,130
8297,222480,619
8299,49310,475
8301,294917,762
8303,104200,516
8305,33680,923
8307,301240,344
8309,361520,268
8311,344180,607
8313,285460,960
8315,42903,156
8317,369503,127
8319,332420,788
8321,364340,405
8323,290260,141
8325,307821,498
8327,222599,463
8329,277846,917
8331,332030,764
8333,320440,871
8335,293800,397
8337,326370,209
8339,341290,920
8341,246255,218
8343,222571,100
8345,277846,481
8347,356500,726
8349,368260,941
8351,70210,567
8353,21100,847
8355,368640,210
8357,314160,481
8359,266410,383
8361,321182,987
8363,334690,83
8365,368890,55
8367,25000,582
8369,230700,762
8371,215311,755
8373,328830,70
8375,349937,815
8377,327410,725
8379,321480,980
8381,207140,286
8383,31910,41
8385,308040,475
8387,342824,512
8389,364321,247
8391,329430,297
8393,334710,724
8395,55205,277
8397,319510,943
8399,65560,705
8401,46570,523
8403,91100,221
8405,220780,870
8407,222615,693
8409,345060,238
8411,250500,876
8413,210033,27
8415,348620,593
8417,338890,954
8419,13580,878
8421,305480,492
8423,47896,856
8425,65800,975
8427,360880,924
8429,236930,227
8431,48804,988
8433,334450,49
8435,317720,277
8437,234770,597
8439,360422,292
8441,4520,441
8443,356730,679
8445,2200,914
8447,205610,591
8449,322970,621
8451,313850,475
8453,256529,241
8455,329280,350
8457,214610,230
8459,40990,634
8461,7210,285
8463,48232,491
8465,254370,797
8467,275670,314
8469,215390,871
8471,222581,908
8473,73020,786
8475,73185,843
8477,334310,456
8479,45775,67
8481,235800,557
8483,326460,372
8485,355260,473
8487,98200,585
8489,332293,251
8491,318770,741
8493,342791,453
8495,295057,49
8497,201510,846
8499,258655,484
8501,350800,254
8503,42695,565
8505,212500,295
8507,32440,216
8509,339033,24
8511,294560,212
8513,320440,639
8515,314340,321
8517,262100,566
8519,3483,960
8521,307210,959
8523,303880,410
8525,230150,702
8527,256440,177
8529,271416,826
8531,42925,893
8533,268340,704
8535,317030,218
8537,241320,253
8539,348930,63
8541,325950,978
8543,292860,694
8545,261160,107
8547,342650,57
8549,223830,957
8551,331580,423
8553,18820,822
8555,40400,901
8557,255160,936
8559,330180,494
8561,214770,798
8563,311980,425
8565,206157,917
8567,270790,355
8569,233610,865
8571,222606,216
8573,326130,301
8575,346940,754
8577,259620,687
8579,46720,532
8581,325969,447
8583,206142,812
8585,263920,866
8587,10695,917
8589,307820,18
8591,33320,328
8593,354160,165
8595,40403,511
8597,301110,143
8599,308010,232
8601,251990,657
8603,64017,724
8605,369818,119
8607,271415,299
8609,300820,878
8611,253410,917
8613,349939,741
8615,235883,183
8617,271420,405
8619,247297,873
8621,108110,974
8623,65229,642
8625,369826,243
8627,70210,71
8629,256520,917
8631,219150,170
8633,280220,981
8635,359940,653
8637,339830,349
8639,317360,460
8641,312670,800
8643,333082,623
8645,34842,324
8647,21100,883
8649,264140,862
8651,324650,55
8653,367872,809
8655,316444,264
8657,65730,258
8659,336110,889
8661,322000,645
8663,253390,180
8665,273890,962
8667,261391,364
8669,364410,903
8671,56489,506
8673,73037,241
8675,269610,409
8677,61520,817
8679,352187,762
8681,352050,199
8683,302260,499
8685,321350,554
8687,294310,849
8689,285462,628
8691,61710,443
8693,324190,73
8695,214700,108
8697,291070,519
8699,295089,112
8701,236430,247
8703,359370,496
8705,368310,342
8707,32500,509
8709,350380,30
8711,300442,566
8713,33750,874
8715,313780,296
8717,334390,750
8719,80000,140
8721,362020,797
8723,294957,860
8725,315050,824
8727,209230,352
8729,332490,408
8731,293057,278
8733,335120,308
8735,291050,861
8737,328760,13
8739,8600,813
8741,63630,559
8743,23553,880
8745,304500,246
8747,283350,700
8749,32410,696
8751,570,221
8753,271460,171
8755,295433,392
8757,35136,875
8759,346230,20
8761,294992,531
8763,340840,425
8765,278510,965
8767,333772,518
8769,320120,912
8771,334690,272
8773,234793,588
8775,367030,794
8777,46490,232
8779,258384,802
8781,7660,944
8783,261421,707
8785,299500,414
8787,351140,756
8789,288100,546
8791,324420,356
8793,244450,311
8795,56485,824
8797,297120,154
8799,39190,74
8801,1700,19
8803,364327,178
8805,204580,552
8807,347190,395
8809,13580,532
8811,234230,623
8813,215770,741
8815,210018,919
8817,312360,129
8819,3730,668
8821,208807,144
8823,295590,709
8825,51010,408
8827,28000,125
8829,352960,103
8831,204060,540
8833,256555,911
8835,264160,545
8837,1690,540
8839,266510,445
8841,288100,554
8843,271444,277
8845,344850,446
8847,350090,462
8849,249922,3
8851,332880,130
8853,277450,585
8855,320370,755
8857,369762,690
8859,297792,514
8861,256529,861
8863,344461,347
8865,39660,435
8867,369370,917
8869,335010,390
8871,365430,624
8873,200260,971
8875,238870,13
8877,325139,481
8879,260650,323
8881,280850,311
8883,205810,40
8885,332293,273
8887,261340,429
8889,259320,634
8891,333812,430
8893,215536,514
8895,203350,463
8897,342250,658
8899,47899,373
8901,359400,128
8903,203777,236
8905,200170,274
8907,353560,464
8909,332070,502
8911,357600,700
8913,332810,249
8915,320630,972
8917,325971,450
8919,7730,427
8921,281770,93
8923,254460,94
8925,222568,520
8927,321140,101
8929,266010,615
8931,249181,744
8933,312210,562
8935,364350,552
8937,210091,326
8939,361850,759
8941,277840,912
8943,210895,893
8945,209080,504
8947,245910,612
8949,207230,915
8951,331210,184
8953,290400,806
8955,339760,89
8957,257170,438
8959,210039,589
8961,270940,840
8963,24095,536
8965,210014,248
8967,294924,653
8969,342330,247
8971,244890,87
8973,271457,176
8975,18407,123
8977,271860,335
8979,20,756
8981,347470,526
8983,357350,681
8985,219440,217
8987,8340,187
8989,279560,660
8991,205083,8
8993,336150,775
8995,353620,441
8997,33770,30
8999,13250,387
9001,331480,789
9003,319016,107
9005,25815,372
9007,328710,480
9009,339382,302
9011,32470,416
9013,342080,643
9015,291900,475
9017,358140,464
9019,15080,281
9021,111400,462
9023,351940,867
9025,277760,830
9027,315890,96
9029,295025,996
9031,338800,986
9033,288500,353
9035,369784,76
9037,352790,467
9039,249130,391
9041,206172,231
9043,229290,614
9045,331440,994
9047,224980,827
9049,24800,376
9051,40406,262
9053,50930,548
9055,46540,552
9057,16120,517
9059,269010,20
9061,317831,68
9063,335280,392
9065,342100,715
9067,357970,636
9069,25809,153
9071,297060,148
9073,262370,412
9075,355910,937
9077,73195,383
9079,307820,925
9081,233840,846
9083,215930,977
9085,308140,392
9087,299301,593
9089,222222,983
9091,265810,334
9093,210040,731
9095,258420,630
9097,209540,967
9099,313330,699
9101,264340,948
9103,271470,640
9105,224880,103
9107,315540,870
9109,32120,104
9111,356180,706
9113,226370,76
9115,24400,47
9117,316490,665
9119,342730,75
9121,9060,564
9123,231458,710
9125,322520,608
9127,276890,909
9129,241760,600
9131,41817,496
9133,335320,161
9135,326018,600
9137,327520,232
9139,247293,637
9141,341470,43
9143,331491,784
9145,340800,202
9147,90208,680
9149,317590,556
9151,211205,7
9153,327176,667
9155,56484,447
9157,338372,439
9159,241371,718
9161,253840,225
9163,344890,966
9165,356030,944
9167,262080,243
9169,233410,714
9171,345610,198
9173,295205,609
9175,358420,946
9177,259600,650
9179,26007,980
9181,65530,368
9183,245450,670
9185,99910,35
9187,34277,657
9189,357650,728
9191,294963,477
9193,229752,345
9195,265170,221
9197,237350,156
9199,210015,362
9201,258501,975
9203,270880,617
9205,316530,766
9207,266740,481
9209,346140,728
9211,43000,323
9213,57000,28
9215,287700,91
9217,352400,692
9219,333660,627
9221,331071,727
9223,298850,544
9225,332650,769
9227,222240,31
9229,339210,559
9231,38922,65
9233,212630,73
9235,315330,473
9237,293740,930
9239,206160,164
9241,327831,483
9243,210033,294
9245,204311,79
9247,368730,213
9249,230920,723
9251,353760,961
9253,237450,310
9255,308030,761
9257,343170,430
9259,287860,539
9261,338630,899
9263,264682,405
9265,313630,691
9267,272090,504
9269,254460,871
9271,326190,673
9273,305660,465
9275,37300,480
9277,303430,174
9279,231490,351
9281,42968,640
9283,311440,698
9285,321290,537
9287,263540,357
9289,63800,181
9291,33230,742
9293,235800,542
9295,356420,178
9297,292760,317
9299,45773,357
9301,7770,228
9303,352240,323
9305,369817,303
9307,354040,196
9309,304690,540
9311,298240,141
9313,331351,764
9315,38460,530
9317,244090,924
9319,336930,49
9321,246720,281
9323,359420,804
9325,57695,31
9327,298280,403
9329,35300,245
9331,362460,261
9333,287740,109
9335,50513,648
9337,317206,715
9339,369774,232
9341,203341,557
9343,355180,874
9345,346950,23
9347,334100,687
9349,256506,115
9351,208377,55
9353,364930,903
9355,296150,158
9357,295690,177
9359,251110,548
9361,308080,828
9363,222520,561
9365,46280,936
9367,205093,308
9369,317410,74
9371,333790,510
9373,334440,299
9375,261160,742
9377,321940,994
9379,362090,437
9381,317206,375
9383,320120,154
9385,292060,768
9387,349250,337
9389,39270,855
9391,358410,216
9393,297130,902
9395,353770,966
9397,294903,998
9399,237621,635
9401,314120,396
9403,342850,783
9405,355880,410
9407,9200,288
9409,364940,203
9411,291330,930
9413,265750,63
9415,8190,478
9417,301242,693
9419,264200,579
9421,259450,297
9423,277769,32
9425,300120,491
9427,359050,102
9429,298990,593
9431,284200,849
9433,315650,944
9435,235210,819
9437,368310,793
9439,331068,938
9441,47110,853
9443,20200,135
9445,362700,209
9447,336810,470
9449,342752,924
9451,222621,94
9453,329180,136
9455,258416,930
9457,270230,692
9459,26500,63
9461,46760,722
9463,19500,315
9465,304670,415
9467,317660,430
9469,4000,67
9471,321450,951
9473,357310,663
9475,225829,349
9477,358230,665
9479,345670,390
9481,33100,178
9483,316862,256
9485,40700,181
9487,244910,438
9489,356030,748
9491,34842,188
9493,359790,465
9495,294905,666
9497,349540,501
9499,339790,357
9501,242920,971
9503,35102,534
9505,232950,137
9507,271442,897
9509,2350,132
9511,206718,904
9513,327530,559
9515,307230,490
9517,245490,278
9519,279622,152
9521,278720,905
9523,339250,101
9525,214988,868
9527,245390,120
9529,215258,968
9531,280540,249
9533,326002,946
9535,18600,86
9537,80207,484
9539,269350,677
9541,318520,121
9543,281601,335
9545,201279,570
9547,233190,527
9549,339034,871
9551,304950,870
9553,260040,712
9555,351140,121
9557,41730,863
9559,356980,136
9561,15120,563
9563,321390,88
9565,298480,468
9567,343600,528
9569,205530,56
9571,241373,667
9573,214990,567
9575,318690,656
9577,334740,108
9579,362320,604
9581,42965,804
9583,203765,426
9585,368061,101
9587,307350,456
9589,253410,609
9591,267775,177
9593,360040,858
9595,234775,675
9597,297511,452
9599,346040,699
9601,302320,532
9603,316963,57
9605,12130,162
9607,333220,838
9609,282470,262
9611,92700,707
9613,232750,487
9615,312370,125
9617,261391,93
9619,294810,723
9621,257310,116
9623,247020,577
9625,27920,747
9627,287980,379
9629,343830,610
9631,360422,623
9633,362550,892
9635,337730,49
9637,282280,697
9639,336940,296
9641,322330,384
9643,339590,287
9645,202450,515
9647,285670,57
9649,336300,330
9651,321080,241
9653,346110,368
9655,218980,568
9657,70620,300
9659,361330,8
9661,223220,812
9663,244710,181
9665,208352,393
9667,21670,623
9669,368150,799
9671,289820,265
9673,342856,607
9675,300900,350
9677,301650,868
9679,288100,761
9681,257990,605
9683,320540,852
9685,317100,647
9687,204182,625
9689,294936,282
9691,98609,925
9693,301320,511
9695,293720,542
9697,312640,52
9699,231462,100
9701,258403,567
9703,358930,167
9705,22400,442
9707,260230,759
9709,249923,222
9711,304730,222
9713,270610,73
9715,324270,455
9717,31270,304
9719,208801,418
9721,2270,791
9723,258357,607
9725,320381,909
9727,269610,312
9729,251890,793
9731,22361,140
9733,364640,987
9735,325110,385
9737,41060,903
9739,324650,286
9741,258010,815
9743,285920,41
9745,335200,291
9747,353560,447
9749,271430,856
9751,65254,927
9753,340290,466
9755,267670,127
9757,29160,986
9759,18400,104
9761,345280,750
9763,71260,745
9765,367800,107
9767,304240,979
9769,20500,319
9771,300060,581
9773,346070,497
9775,342788,79
9777,365590,586
9779,353300,580
9781,251530,115
9783,210091,407
9785,353620,891
9787,73030,299
9789,281342,834
9791,281220,418
9793,320300,110
9795,360093,747
9797,219097,307
9799,25890,61
9801,302750,736
9803,340070,701
9805,328640,159
9807,254291,390
9809,295439,23
9811,357350,771
9813,282470,119
9815,215372,947
9817,3310,58
9819,18040,929
9821,354300,858
9823,400,617
9825,224142,824
9827,46560,982
9829,295202,836
9831,55203,232
9833,312720,261
9835,260293,734
9837,258671,168
9839,65259,575
9841,222113,955
9843,42719,623
9845,304530,226
9847,245950,567
9849,294974,276
9851,365870,28
9853,369360,739
9855,353610,167
9857,358960,428
9859,263860,91
9861,216334,372
9863,206718,819
9865,289050,743
9867,274230,593
9869,352560,532
9871,354310,249
9873,301892,95
9875,313040,132
9877,237990,339
9879,238320,590
9881,247294,237
9883,340220,45
9885,284100,483
9887,271414,400
9889,9850,263
9891,46720,774
9893,283560,410
9895,348000,468
9897,254820,298
9899,225260,870
9901,336180,756
9903,303590,177
9905,352590,578
9907,259830,323
9909,292220,316
9911,313120,848
9913,222121,19
9915,203345,158
9917,263040,754
9919,258410,201
9921,329010,639
9923,277560,108
9925,15300,12
9927,247120,786
9929,281280,287
9931,18509,200
9933,226459,662
9935,364840,997
9937,57650,453
9939,45720,4
9941,261397,107
9943,311240,365
9945,317330,713
9947,366670,236
9949,61310,464
9951,368740,356
9953,343830,384
9955,42968,504
9957,258677,410
9959,208790,216
9961,369910,632
9963,359800,941
9965,16020,913
9967,334350,494
9969,292800,206
9971,340340,76
9973,246300,352
9975,359630,318
9977,241280,218
9979,359670,134
9981,272330,42
9983,339570,578
9985,204309,414
9987,22130,747
9989,231478,471
9991,210041,811
9993,21680,730
9995,206720,633
9997,290080,965
9999,320361,300
10001,312610,777
10003,277670,708
10005,264220,564
