appid,tag_id
10,7
10,15
20,4
20,22
20,28
30,4
30,33
40,2
40,24
50,36
50,13
50,24
60,46
60,24
70,9
70,42
70,11
80,8
80,40
130,32
130,60
130,12
220,6
220,43
240,2
240,30
240,64
280,38
280,2
300,0
300,4
300,67
320,7
320,39
340,6
340,40
340,43
360,28
380,0
380,39
380,44
400,36
400,49
420,0
420,38
420,44
440,0
440,80
500,22
500,15
500,84
550,0
550,85
570,87
570,11
570,84
620,41
620,62
630,22
630,96
630,32
730,5
730,13
1002,101
1002,105
1200,30
1200,40
1250,63
1250,85
1256,0
1300,32
1300,39
1313,32
1500,14
1500,52
1500,114
1510,43
1510,119
1520,124
1520,30
1520,119
1600,14
1610,14
1630,131
1640,131
1640,8
1670,106
1690,32
1700,90
1700,139
1900,46
1900,57
1900,2
1930,39
1930,139
2100,90
2100,150
2100,136
2200,9
2200,12
2210,36
2210,58
2270,0
2270,108
2270,39
2280,152
2280,36
2290,4
2290,33
2290,40
2300,152
2300,2
2310,0
2310,12
2310,22
2320,43
2320,12
2330,1
2350,0
2350,35
2360,24
2360,134
2370,6
2390,3
2390,139
2400,154
2400,3
2420,91
2450,67
2500,36
2500,39
2500,86
2520,49
2540,0
2570,91
2590,6
2600,162
2600,43
2610,164
2610,40
2610,165
2620,3
2620,168
2630,0
2630,6
2630,158
2640,2
2700,57
2700,117
2700,67
2710,30
2710,32
2720,46
2780,56
2800,178
2810,14
2810,0
2820,14
2820,159
2840,57
2840,172
2850,46
2870,57
2870,172
2870,170
2900,129
2910,30
2920,127
2920,125
2920,103
2990,43
2990,57
3010,183
3020,0
3020,141
3050,183
3130,30
3170,189
3170,43
3260,191
3270,32
3310,158
3320,32
3320,14
3320,43
3330,26
3330,84
3350,158
3380,44
3410,158
3450,198
3480,119
3480,187
3483,50
3500,202
3530,44
3560,192
3590,59
3590,173
3590,203
3610,158
3700,0
3700,30
3700,6
3710,4
3720,206
3720,26
3720,76
3730,3
3730,15
3800,43
3810,148
3810,53
3820,32
3830,26
3830,79
3900,132
3900,119
3900,170
3910,32
3910,174
3920,91
3920,4
3920,104
3980,31
3990,32
4000,67
4000,32
4100,103
4290,181
4300,62
4460,14
4500,71
4500,63
4500,36
4520,32
4560,88
4560,31
4560,119
4570,144
4570,90
4580,88
4580,30
4580,39
4700,88
4700,4
4720,6
4720,33
4720,3
4760,4
4760,224
4770,31
4770,8
4780,88
4800,90
4850,31
4870,144
4870,95
4880,14
4900,103
4920,36
4920,45
6000,1
6000,43
6000,14
6010,43
6010,44
6020,2
6020,3
6020,41
6030,3
6030,46
6040,4
6040,238
6060,1
6060,43
6080,0
6080,187
6120,0
6120,32
6120,12
6200,26
6200,170
6220,186
6220,184
6250,131
6270,57
6300,32
6300,47
6310,4
6310,24
6370,70
6370,7
6420,57
6420,2
6510,246
6510,22
6550,4
6550,152
6600,156
6800,0
6800,32
6810,141
6810,135
6830,88
6830,32
6840,224
6850,4
6850,6
6860,0
6860,64
6860,6
6870,159
6880,56
6880,2
6900,4
6900,40
6910,91
6910,32
6910,45
6920,141
6920,41
6980,0
6980,32
6980,56
7000,49
7000,40
7010,6
7020,3
7110,90
7110,234
7110,256
7200,110
7210,154
7210,24
7220,67
7260,91
7510,0
7510,90
7520,56
7520,22
7520,147
7600,259
7600,4
7610,117
7620,57
7650,131
7650,153
7650,9
7660,131
7660,24
7670,63
7670,61
7730,36
7760,14
7760,233
7760,24
7770,36
7800,37
7800,110
7830,14
7830,30
7830,94
7840,110
7860,6
7940,32
7940,41
8000,0
8000,4
8000,41
8080,22
8080,2
8100,32
8140,49
8140,4
8170,0
8170,32
8190,64
8190,138
8190,67
8340,26
8340,79
8340,185
8400,157
8400,43
8500,267
8500,245
8600,57
8650,57
8690,57
8800,14
8800,213
8850,0
8850,36
8850,43
8870,40
8870,36
8880,14
8890,91
8930,132
8930,84
8930,43
8980,91
8980,2
8980,37
9000,4
9010,1
9010,6
9010,39
9050,58
9050,85
9060,0
9060,3
9070,63
9070,85
9160,3
9160,59
9180,4
9180,173
9200,56
9200,40
9200,25
9310,2
9340,88
9340,106
9350,2
9350,4
9420,213
9420,0
9450,14
9450,4
9450,90
9460,22
9480,92
9480,25
9480,45
9500,187
9710,22
9730,174
9800,29
9850,57
9850,40
9880,56
9880,93
9900,66
9900,98
9900,93
9940,103
9970,0
10090,1
10090,30
10090,63
10100,9
10110,191
10110,15
10110,41
10130,36
10130,269
10140,32
10150,270
10150,91
10180,3
10180,43
10180,45
10196,2
10220,98
10220,39
10240,191
10270,14
10270,40
10500,13
10500,132
10500,4
10680,1
10680,37
10680,39
11020,183
11020,0
11020,103
11040,6
11050,202
11130,44
11140,154
11150,44
11180,229
11190,282
11200,96
11200,103
11200,283
11240,3
11240,143
11240,170
11260,57
11280,2
11340,286
11340,121
11340,158
11360,105
11360,173
11370,217
11370,52
11370,255
11390,183
11390,56
11450,91
11450,32
11450,88
11480,31
11550,53
11590,32
12130,58
12130,43
12140,4
12140,32
12140,63
12150,3
12150,228
12170,183
12170,2
12180,183
12180,39
12200,0
12200,78
12200,167
12210,98
12210,40
12220,0
12220,32
12220,67
12310,158
12320,4
12320,222
12330,57
12360,182
12360,186
12390,6
12440,32
12470,14
12480,88
12500,91
12500,203
12520,56
12560,57
12640,91
12640,39
12670,158
12710,90
12710,93
12770,98
12790,99
12810,90
12810,78
12810,40
12830,57
12830,141
12900,110
12900,84
13000,158
13200,6
13210,23
13210,32
13230,35
13230,45
13230,37
13240,2
13240,32
13250,1
13250,32
13250,63
13500,32
13500,90
13520,0
13520,2
13520,43
13530,32
13530,40
13540,3
13560,141
13560,40
13570,0
13570,163
13580,0
13600,0
13600,74
13600,167
13630,0
15000,1
15080,39
15080,2
15080,33
15100,31
15100,43
15120,1
15120,92
15120,99
15130,32
15130,61
15160,173
15170,4
15170,40
15190,8
15190,40
15200,180
15210,180
15210,30
15270,85
15270,39
15300,14
15300,30
15320,305
15370,14
15370,39
15390,0
15390,37
15390,167
15500,158
15520,103
15520,47
15560,6
15560,67
15560,49
15620,32
15620,275
15700,44
15700,67
15700,12
15710,0
15710,53
15740,44
15750,67
15750,3
15900,44
15930,44
15970,158
16020,39
16040,44
16110,57
16180,158
16300,3
16450,3
16450,36
16465,0
16600,33
16710,49
16710,67
16720,18
16730,6
16810,14
16810,57
16867,14
16870,273
16900,0
16900,30
17100,14
17120,14
17140,90
17180,31
17330,6
17330,40
17390,57
17390,39
17410,6
17410,112
17410,43
17440,14
17440,138
17450,150
17450,8
17460,91
17460,43
17460,40
17470,98
17470,58
17480,14
17480,144
17480,313
17500,15
17500,3
17570,70
17570,103
17570,32
17580,27
17580,32
17710,14
17710,8
17710,52
17740,14
17740,184
18000,91
18020,67
18040,148
18050,103
18070,39
18080,91
18120,46
18400,44
18420,44
18470,14
18480,76
18500,103
18500,0
18521,14
18523,89
18700,32
18820,54
19000,41
19000,2
19200,138
19200,41
19200,17
19500,39
19680,98
19680,134
19800,29
19830,8
19830,3
19900,1
19900,40
19900,167
19980,32
19980,195
20200,54
20500,272
20500,22
20510,71
20510,85
20510,142
20530,32
20540,88
20540,8
20550,32
20570,2
20570,43
20700,46
20710,81
20820,32
20820,300
20900,0
20900,43
20920,208
20920,150
20920,139
21000,173
21000,187
21010,231
21090,63
21090,37
21090,230
21100,2
21100,39
21130,318
21130,90
21130,187
21600,14
21640,193
21660,151
21670,43
21680,28
21680,283
21690,22
21690,85
21690,40
21780,99
21800,8
21980,1
21980,40
22000,103
22000,171
22000,41
22100,0
22100,93
22120,39
22120,85
22120,243
22140,39
22180,39
22180,41
22200,210
22200,90
22230,14
22230,187
22230,57
22300,39
22300,41
22310,67
22310,3
22320,43
22320,138
22330,91
22330,43
22330,4
22340,40
22340,0
22350,1
22350,22
22350,40
22370,91
22370,1
22370,53
22380,138
22380,40
22400,71
22430,36
22450,22
22470,0
22500,90
22500,33
22600,105
22600,67
22600,22
22610,22
22610,96
22650,3
22650,96
22670,98
22670,110
23380,91
23400,284
23420,117
23450,171
23460,67
23490,14
23490,67
23490,4
23530,22
23530,2
23600,93
24010,57
24010,171
24010,39
24021,56
24028,22
24029,57
24029,173
24070,64
24075,56
24082,57
24082,173
24083,40
24096,64
24200,270
24200,2
24200,90
24240,228
24240,8
24400,91
24410,14
24420,43
24420,40
24440,14
24460,91
24488,91
24670,259
24678,57
24720,64
24720,67
24780,14
24780,2
24780,158
24790,0
24790,69
24800,0
24810,88
24810,4
24870,167
24960,2
24960,13
24960,39
24980,99
24980,254
24980,4
25000,45
25000,32
25010,101
25010,40
25500,103
25600,32
25620,103
25700,158
25763,103
25800,64
25800,214
25809,14
25830,14
25830,43
25850,90
25890,30
25890,43
25900,14
25900,146
25900,235
25930,172
25980,14
25980,2
25990,172
26000,103
26000,67
26300,1
26500,52
26800,32
26800,41
26900,158
26900,64
27000,138
27000,58
27020,103
27020,32
27050,209
27400,76
27400,67
27800,266
27810,157
27920,0
27940,15
28000,99
28000,32
28000,167
29130,185
29160,105
29180,334
29180,36
29600,2
29620,267
29800,103
29800,23
29900,3
31100,335
31100,255
31170,72
31170,53
31220,0
31250,39
31270,229
31270,40
31300,0
31700,2
31800,43
31800,335
31810,41
31810,40
31810,173
31820,4
31820,158
31830,229
31830,158
31830,154
31840,76
31840,336
31850,4
31850,158
31850,223
31860,201
31860,105
31870,76
31880,39
31880,76
31880,158
31890,43
31890,158
31900,39
31900,151
31900,173
31910,4
31910,40
31920,39
31920,43
31920,105
31930,41
31930,336
32000,103
32140,39
32150,14
32160,32
32310,39
32330,86
32330,167
32340,9
32340,98
32350,36
32360,215
32360,41
32370,41
32370,0
32370,76
32380,6
32390,0
32390,76
32400,4
32400,9
32410,76
32420,46
32430,39
32430,91
32440,86
32440,26
32440,44
32450,173
32460,191
32460,9
32470,14
32470,27
32470,130
32500,36
32500,2
32510,22
32510,46
32620,0
32630,3
32640,32
32660,13
32670,32
32710,57
32750,0
32760,36
32900,172
32900,158
32900,39
33100,63
33100,231
33110,0
33120,0
33120,63
33120,103
33130,155
33130,103
33180,0
33180,32
33230,0
33230,41
33230,167
33320,98
33372,22
33460,39
33460,62
33520,32
33540,93
33570,31
33600,24
33600,202
33610,39
33610,76
33610,26
33620,57
33650,338
33670,90
33680,108
33680,50
33760,158
33770,40
33780,32
33900,65
33900,45
33930,13
33930,56
33930,253
33950,158
33980,98
33990,61
34030,2
34030,57
34179,14
34190,0
34270,4
34270,110
34270,22
34272,205
34273,0
34274,33
34276,0
34276,240
34277,32
34278,75
34279,0
34281,0
34282,302
34283,105
34286,44
34287,180
34311,49
34313,0
34315,0
34318,49
34345,14
34420,14
34500,88
34630,131
34810,46
34820,110
34830,141
34830,8
34870,141
34870,14
34900,62
34900,303
34900,99
34920,197
35000,75
35000,2
35070,308
35090,39
35130,39
35130,32
35130,167
35137,39
35140,32
35140,104
35300,88
35310,37
35320,32
35450,31
35450,57
35460,44
35460,1
35480,110
35700,238
35700,43
35700,187
35720,160
35720,62
35800,158
36000,158
36130,80
36900,36
36900,56
36900,46
36910,113
36910,115
37000,39
37000,0
37000,56
37220,158
37260,76
37320,202
37390,57
37400,26
37500,158
37600,39
37800,103
38070,158
38120,307
38140,158
38170,158
38210,44
38230,213
38230,32
38400,190
38400,232
38410,4
38410,41
38410,64
38420,4
38420,40
38430,4
38430,9
38440,144
38450,99
38460,3
38460,168
38460,38
38480,67
38490,240
38600,193
38600,238
38700,158
38700,0
38720,103
38740,103
38740,75
39000,57
39000,56
39000,32
39110,76
39120,56
39120,83
39140,4
39140,234
39140,9
39150,90
39150,254
39160,90
39160,222
39190,32
39190,56
39200,32
39200,140
39210,43
39210,0
39270,0
39500,147
39500,4
39510,40
39510,147
39510,215
39530,1
39530,63
39530,12
39540,4
39550,0
39630,32
39640,0
39650,57
39650,170
39660,215
39670,32
39670,12
39680,80
39680,327
39690,32
39690,139
39800,25
39800,283
39900,0
40100,32
40100,4
40135,32
40300,32
40300,41
40320,88
40340,191
40350,43
40380,188
40390,215
40390,138
40392,39
40400,22
40400,89
40403,103
40420,103
40420,105
40420,193
40700,44
40700,173
40700,103
40720,46
40720,340
40800,49
40800,23
40800,67
40930,74
40950,174
40950,88
40950,40
40960,147
40960,88
40970,174
40970,172
40970,105
40980,172
40980,14
40990,4
40990,43
40990,336
41000,2
41000,26
41014,22
41014,32
41014,112
41050,4
41050,37
41050,12
41060,6
41060,36
41070,22
41070,12
41070,36
41100,201
41100,187
41300,14
41300,167
41500,91
41500,45
41500,251
41600,4
41660,49
41660,67
41680,39
41680,40
41700,40
41700,3
41700,39
41730,157
41740,210
41800,245
41800,0
41802,103
41805,14
41816,57
41900,90
41900,135
42120,5
42120,40
42140,75
42140,167
42140,26
42170,222
42170,25
42170,2
42200,154
42210,76
42210,26
42220,39
42220,336
42220,151
42230,4
42230,151
42500,0
42670,36
42670,269
42670,150
42700,1
42700,13
42700,63
42719,59
42810,14
42881,14
42890,2
42905,14
42910,139
42910,32
42920,14
42940,14
42960,177
42960,32
42964,14
42980,117
42990,131
43000,36
43013,0
43190,22
43190,99
43190,152
43600,41
43600,43
43600,223
44600,186
44670,57
44690,54
45000,36
45100,307
45100,158
45100,90
45200,289
45200,172
45300,31
45400,110
45420,158
45450,14
45700,107
45700,90
45710,36
45720,32
45740,59
45740,67
45740,150
45750,246
45750,32
45760,2
45760,32
45770,39
45770,64
45770,40
45791,104
46000,103
46250,0
46260,14
46270,117
46290,30
46340,88
46360,57
46370,183
46400,0
46400,222
46410,91
46410,0
46440,103
46450,8
46450,158
46460,63
46460,50
46480,228
46480,41
46490,32
46500,251
46500,98
46510,41
46510,98
46520,186
46520,71
46540,39
46550,293
46550,282
46560,31
46570,103
46570,158
46600,156
46600,110
46600,16
46720,93
46750,103
46770,14
46770,2
46840,14
47130,39
47400,2
47400,4
47410,147
47410,11
47410,124
47730,32
47730,39
47780,99
47780,40
47780,22
47790,6
47790,141
47810,41
47810,150
47810,8
47870,56
47870,0
47880,2
47880,125
47890,337
47890,45
47890,243
47894,161
47920,57
47930,193
48000,49
48000,60
48000,167
48110,180
48190,56
48190,218
48190,167
48220,32
48232,91
48240,2
48240,64
48700,91
48700,39
48700,148
48705,30
48705,43
48720,14
48720,92
48800,57
48803,57
48900,39
48950,132
49000,158
49320,158
49497,14
49520,91
49520,93
49540,22
49540,6
49540,39
49600,158
49600,119
49604,185
49810,193
50000,44
50110,1
50130,99
50130,185
50300,209
50300,2
50300,22
50620,32
50620,91
50820,103
50920,202
50970,158
50990,63
50990,40
51000,44
51060,39
55000,132
55000,233
55000,11
55020,39
55040,89
55040,0
55040,103
55100,6
55100,39
55110,32
55110,56
55140,352
55140,0
55150,36
55150,22
55150,43
55230,99
55230,3
55380,0
55390,0
55398,0
56437,226
56437,22
56437,43
56438,15
56487,14
57000,39
57200,103
57300,6
57300,32
57600,14
57620,14
57620,170
57640,28
57640,40
57650,90
57656,91
57680,32
57690,170
57690,171
57690,109
57700,103
57730,32
57740,32
57800,39
57900,67
57900,4
57925,1
58200,203
58230,354
58400,300
58520,32
58560,191
58570,39
58570,9
58610,65
58610,144
58645,14
60350,39
60700,89
61100,192
61500,131
61510,91
61520,14
61520,4
61600,52
61700,90
61700,76
61730,44
61730,79
61730,14
62000,14
62100,32
63000,2
63003,158
63110,229
63200,2
63380,0
63380,98
63380,14
63500,105
63610,191
63610,238
63610,43
63620,173
63620,154
63630,191
63650,33
63660,40
63660,251
63700,158
63700,201
63710,24
63710,240
63800,39
63802,14
63900,32
63910,90
63940,30
63940,2
63950,31
64000,88
64000,57
64005,14
65080,103
65080,32
65080,78
65217,40
65218,259
65218,65
65228,57
65233,32
65233,64
65239,64
65243,158
65243,65
65246,57
65256,57
65300,49
65300,187
65300,40
65400,283
65530,14
65540,32
65540,133
65560,0
65600,56
65600,93
65700,57
65720,57
65730,57
65734,57
65740,8
65780,13
65780,32
65790,14
65790,30
65790,39
65800,92
65800,45
65930,0
65930,3
65930,293
65980,130
65980,213
66000,0
67000,266
67000,16
67370,58
67370,41
70000,196
70000,30
70000,11
70100,123
70100,136
70110,57
70200,158
70210,220
70300,33
70300,60
70400,91
70400,67
70400,148
70420,93
70500,0
70600,131
70600,187
70617,14
70620,44
70640,0
70650,14
70900,14
70900,32
71000,64
71110,0
71112,105
71116,0
71117,4
71117,43
71120,91
71120,146
71160,146
71161,6
71164,24
71165,104
71166,121
71168,24
71230,186
71240,359
71250,39
71250,173
71250,45
71260,258
71340,45
71340,167
72000,44
72000,63
72400,158
72740,0
72760,0
72900,39
72900,135
72903,103
72907,91
73010,172
73020,88
73031,0
73037,0
73058,0
73092,91
73097,91
73119,91
73170,57
73170,64
73190,31
73210,14
73210,32
78000,32
78000,173
80200,14
80200,177
80202,57
80207,57
80310,39
80310,229
80310,98
80330,108
80330,44
80340,229
80340,60
80350,108
80360,293
90200,57
90208,57
91100,103
91104,181
91200,203
91330,13
91330,98
91330,64
91600,36
91600,43
91609,103
91618,0
91700,103
91700,3
91800,103
91900,71
91900,26
92000,62
92100,103
92100,57
92300,49
92300,32
92400,103
92600,6
92700,141
92800,362
92800,158
92803,44
92900,56
92900,63
93200,103
93200,95
93206,103
94000,158
94200,197
94200,105
94200,3
94300,44
94300,63
94300,36
94303,43
94303,105
94304,39
94304,105
94304,63
94400,100
94400,26
94590,158
94590,51
94590,107
94600,78
94610,191
94620,26
95300,105
95300,238
95400,49
95400,173
95700,70
95900,57
96000,331
96000,173
96000,304
96100,105
96100,62
96200,0
96800,35
96900,283
97000,195
97000,60
97110,14
97130,90
98100,111
98200,8
98200,95
98200,22
98300,89
98300,29
98400,6
98421,0
98600,14
98609,14
98800,140
98800,158
98820,91
98821,158
98900,14
98900,49
98900,240
99100,22
99300,95
99300,3
99410,0
99700,74
99700,105
99900,39
99900,193
99900,258
99910,2
102200,103
102500,91
102500,222
102500,40
102600,90
102600,43
102622,14
102810,103
102840,103
102840,148
102840,19
102850,95
104100,103
104200,39
104200,14
104200,26
104600,369
104900,0
104900,56
104900,225
105000,24
105000,76
105100,158
105300,32
105420,86
105450,30
105450,22
105600,105
105600,56
105600,40
105800,158
105800,195
107100,32
107100,90
107200,46
107200,32
107200,119
107300,67
107300,39
107310,24
107310,105
107410,13
107410,1
107410,25
107600,95
107600,266
108110,57
108200,158
108200,119
108200,331
108210,13
108231,14
108233,103
108500,62
108600,15
108600,22
108600,32
108700,182
108710,98
108710,72
108710,15
108800,141
108800,39
109200,158
109500,48
109600,0
109600,98
109700,88
110400,23
110600,0
110610,110
110800,56
110800,32
110800,230
111010,39
111100,186
111400,22
111600,0
111800,103
111800,81
112100,234
112100,138
113020,86
113020,43
113200,286
113200,95
113200,15
113204,121
113204,140
113400,0
113400,98
113400,116
113420,66
113420,6
115100,67
115100,60
115100,90
115110,60
115110,238
115120,67
115210,14
115220,32
115300,25
115300,39
115320,98
115320,64
115320,22
115800,49
115800,24
116100,103
116120,110
200010,49
200010,36
200080,39
200080,336
200080,151
200130,32
200170,2
200170,8
200170,240
200190,49
200210,2
200210,33
200230,188
200260,270
200260,104
200370,14
200390,14
200396,14
200410,46
200490,32
200510,32
200510,2
200550,91
200620,0
200710,140
200710,32
200710,82
200891,0
200900,0
200900,33
200910,91
200910,375
200960,12
200980,14
200990,103
201000,103
201010,190
201070,1
201210,91
201210,32
201230,90
201230,64
201270,88
201270,126
201270,107
201271,30
201271,39
201273,14
201290,144
201290,36
201290,136
201310,45
201310,225
201420,49
201420,56
201480,91
201490,57
201510,176
201510,37
201570,103
201570,240
201790,0
201790,99
201790,26
201805,0
201810,40
201810,43
201870,39
201870,40
201870,36
202130,206
202170,104
202170,19
202191,39
202200,14
202200,45
202310,110
202370,0
202410,16
202521,14
202530,0
202530,110
202652,103
202670,4
202670,168
202690,88
202710,97
202710,0
202710,238
202730,176
202750,99
202750,73
202860,147
202970,0
202970,25
202970,36
203140,32
203140,2
203160,39
203160,138
203160,49
203210,96
203210,26
203290,70
203290,32
203290,66
203341,91
203344,14
203350,131
203350,39
203510,0
203510,33
203560,44
203630,139
203650,0
203650,112
203701,0
203750,36
203750,69
203750,91
203770,327
203770,32
203772,14
203810,103
203810,43
203810,296
203830,41
203990,197
203990,3
203990,17
204030,32
204030,93
204060,103
204060,44
204060,138
204100,3
204100,243
204120,39
204120,67
204120,187
204180,46
204180,300
204220,158
204240,210
204240,14
204240,268
204287,14
204300,49
204300,167
204300,26
204305,14
204307,103
204310,14
204314,14
204317,103
204340,1
204340,4
204340,40
204360,231
204360,187
204371,103
204372,39
204380,91
204383,0
204386,0
204388,103
204440,202
204450,165
204450,19
204530,89
204530,105
204580,0
204630,39
204630,32
204732,0
204734,103
204860,29
204880,213
204880,52
204900,14
204940,213
205020,103
205020,158
205070,103
205080,185
205100,6
205100,150
205100,136
205230,26
205230,167
205530,57
205550,3
205610,172
205610,216
205633,57
205637,57
205650,32
205650,56
205690,32
205710,39
205730,0
205730,266
205810,8
205830,44
205870,185
205910,75
205910,238
205950,49
205950,167
205990,90
205990,91
206020,232
206040,232
206060,190
206142,57
206151,57
206162,57
206166,57
206177,57
206190,105
206190,43
206190,36
206250,91
206250,140
206370,105
206370,167
206370,78
206420,56
206420,26
206420,32
206440,379
206440,105
206480,70
206480,2
206480,44
206500,88
206500,11
206521,91
206522,70
206690,14
206716,57
206760,6
207020,181
207040,197
207040,167
207080,114
207090,103
207140,2
207140,105
207140,22
207150,46
207170,39
207170,24
207190,39
207230,87
207230,5
207250,103
207320,39
207320,148
207350,93
207350,76
207370,0
207380,258
207380,110
207400,103
207420,110
207420,90
207430,108
207430,222
207490,79
207490,67
207530,0
207530,32
207570,158
207610,41
207610,208
207610,0
207620,71
207650,44
207650,105
207670,103
207690,112
207690,44
207710,158
207750,0
207750,236
207815,3
207816,43
207870,2
207930,110
207930,103
208110,6
208140,36
208140,69
208140,64
208200,32
208200,272
208283,57
208287,40
208292,259
208292,40
208294,57
208298,62
208300,64
208302,57
208306,56
208318,259
208318,32
208319,56
208342,57
208343,173
208346,40
208351,259
208352,57
208353,173
208354,65
208355,40
208362,56
208363,57
208364,305
208365,40
208366,40
208367,64
208369,64
208371,57
208371,305
208376,40
208377,56
208379,56
208400,91
208400,12
208400,39
208520,228
208520,32
208540,91
208543,14
208545,103
208575,0
208580,91
208580,234
208580,0
208600,159
208620,158
208640,39
208650,39
208650,205
208670,0
208670,277
208670,33
208730,91
208730,39
208730,133
208750,0
208750,240
208750,148
208793,39
208804,39
208808,39
208812,39
208818,39
209000,141
209000,40
209060,197
209060,94
209060,243
209080,8
209080,14
209100,59
209100,85
209120,86
209120,212
209160,6
209160,23
209190,49
209190,23
209202,0
209230,229
209330,118
209330,287
209360,103
209370,333
209370,154
209460,1
209540,103
209540,98
209546,57
209630,153
209630,1
209650,69
209650,250
209670,103
209670,36
209670,84
209690,203
209730,95
209790,43
209811,14
209830,39
209830,58
209830,33
209950,103
210013,0
210047,0
210170,262
210170,193
210230,41
210230,40
210230,53
210561,0
210770,103
210770,38
210893,14
210902,14
210906,213
210934,0
210950,39
210950,256
210970,112
210970,195
211010,103
211050,14
211160,39
211160,256
211180,44
211200,39
211202,105
211203,36
211205,342
211205,24
211207,49
211209,240
211260,160
211260,231
211280,22
211340,258
211340,254
211340,44
211360,105
211360,94
211400,240
211400,43
211420,91
211420,39
211420,58
211440,105
211500,70
211500,167
211500,158
211580,25
211600,0
211600,133
211740,4
211740,90
211740,1
211780,32
211800,310
211820,39
211820,138
211820,36
211900,105
212010,138
212010,168
212010,39
212030,22
212050,36
212050,105
212070,57
212070,7
212110,0
212301,14
212390,70
212390,39
212480,86
212480,173
212500,70
212500,92
212500,98
212630,8
212630,13
212671,0
212680,32
212680,287
212700,103
212740,70
212740,39
212740,247
212800,103
212800,32
212800,43
212894,0
213030,342
213030,91
213030,132
213230,91
213330,318
213330,2
213330,98
213350,36
213610,49
213610,187
213610,52
213650,110
213661,14
213663,14
213670,91
213670,208
213670,225
213930,91
214150,130
214150,64
214150,69
214170,93
214170,105
214250,15
214250,58
214250,85
214332,0
214340,103
214340,24
214360,103
214420,70
214420,98
214420,57
214490,38
214490,33
214510,318
214510,32
214510,2
214550,44
214550,203
214560,240
214560,58
214570,3
214590,231
214590,342
214610,67
214700,6
214700,293
214700,103
214730,57
214730,64
214770,328
214770,67
214770,32
214790,32
214790,33
214830,24
214830,108
214870,22
214870,4
214870,25
214930,32
214931,3
214932,41
214932,39
214933,40
214933,76
214950,218
214950,25
214970,0
214970,240
214987,14
215003,14
215080,14
215080,135
215160,191
215160,26
215242,0
215247,0
215253,39
215258,39
215280,41
215280,39
215370,57
215374,57
215450,44
215470,103
215470,39
215510,0
215510,25
215510,37
215530,22
215530,135
215533,39
215535,0
215550,91
215550,311
215630,93
215670,60
215670,191
215690,0
215690,32
215710,14
215770,89
215830,70
215830,342
215830,56
215870,87
215930,32
215971,0
216090,103
216110,14
216130,213
216130,14
216130,21
216150,240
216150,258
216172,14
216174,103
216260,57
216290,277
216332,39
216670,103
216890,131
216890,26
216910,141
216930,158
217100,6
217120,157
217120,236
217140,1
217140,2
217140,67
217200,131
217200,0
217270,0
217270,4
217270,258
217290,286
217690,63
217690,41
217750,243
217750,32
217790,29
217900,0
217920,1
217941,0
218020,90
218040,132
218060,0
218060,119
218090,29
218090,30
218100,29
218230,5
218230,25
218410,14
218410,45
218410,203
218550,0
218560,1
218620,271
218620,43
218640,63
218640,98
218640,33
218660,29
218680,26
218680,49
218700,191
218740,86
218740,141
218820,240
218820,25
218980,14
219092,22
219098,22
219103,1
219150,0
219150,24
219150,96
219190,108
219190,33
219200,86
219442,0
219640,0
219640,7
219640,57
219680,118
219680,56
219700,131
219700,32
219740,64
219740,45
219760,32
219760,0
219780,93
219780,67
219830,105
219830,49
219830,39
219890,32
219890,209
219910,39
219910,9
219910,98
219950,0
219950,40
219990,148
219990,90
219990,375
220090,112
220090,373
220160,94
220160,57
220200,45
220200,33
220240,39
220240,64
220240,91
220260,22
220260,43
220420,191
220420,201
220420,154
220440,39
220440,231
220460,103
220460,287
220660,36
220740,32
220740,78
220780,290
220780,32
220780,112
220820,96
220820,138
220823,103
220860,191
220860,0
220860,118
220900,203
221020,64
221020,145
221020,158
221040,25
221040,15
221100,56
221100,311
221100,103
221180,105
221260,67
221260,58
221380,147
221380,8
221380,0
221540,2
221640,43
221640,16
221640,167
221680,158
221810,49
221810,32
221810,76
221830,32
221910,209
221910,41
222044,158
222056,158
222073,158
222081,158
222095,158
222113,158
222122,158
222140,0
222160,60
222160,32
222221,158
222280,57
222420,4
222420,7
222440,43
222480,85
222480,15
222480,86
222520,66
222541,57
222550,57
222557,64
222561,57
222562,65
222564,40
222571,57
222571,40
222574,57
222576,173
222576,62
222582,57
222582,64
222589,171
222589,32
222594,57
222598,62
222603,57
222607,62
222612,57
222613,64
222613,159
222619,56
222623,259
222625,57
222625,305
222627,173
222628,40
222630,40
222631,186
222631,45
222632,56
222633,56
222634,158
222634,64
222635,57
222635,305
222639,65
222640,90
222660,103
222660,43
222730,57
222730,90
222730,39
222750,144
222750,22
222860,63
222880,0
222880,7
222940,100
222940,43
222980,59
222980,22
222980,3
223000,32
223100,6
223100,61
223220,33
223220,258
223220,103
223280,103
223330,127
223330,0
223410,66
223410,267
223430,103
223430,1
223470,6
223470,37
223470,39
223490,103
223490,14
223510,103
223510,63
223592,57
223593,63
223630,0
223710,63
223710,25
223710,15
223730,0
223750,159
223750,32
223750,14
223793,0
223810,258
223810,148
223830,190
223830,36
223830,105
224040,181
224140,0
224144,0
224162,0
224166,0
224180,1
224200,22
224260,0
224260,103
224300,41
224300,134
224440,147
224440,170
224460,44
224460,154
224462,39
224480,86
224480,57
224500,174
224500,135
224500,119
224760,32
224760,40
224820,49
224820,32
224820,39
224860,13
224900,14
224920,4
224920,55
224920,9
224940,98
224940,63
224960,49
224960,3
224980,76
224980,3
225000,98
225020,39
225020,99
225080,114
225080,86
225160,4
225160,32
225160,39
225260,43
225260,90
225260,93
225280,234
225280,167
225300,4
225300,99
225320,0
225320,49
225340,131
225340,33
225340,119
225360,32
225420,171
225429,57
225540,176
225540,138
225540,45
225600,98
225600,8
225640,148
225640,0
225640,43
225822,0
225826,0
225830,91
225834,0
225840,24
225840,0
226100,14
226100,49
226100,311
226120,46
226280,331
226280,36
226280,103
226459,39
226560,56
226560,40
226620,132
226620,43
226620,236
226665,57
226668,14
226670,91
226673,14
226700,56
226700,63
226720,0
226720,56
226720,167
226740,39
226740,123
226780,54
226820,336
226820,105
226840,90
226840,22
226840,76
226860,45
226860,132
226960,14
226960,246
227000,81
227000,105
227020,57
227060,103
227060,32
227080,32
227080,209
227100,59
227100,63
227100,56
227160,64
227180,14
227180,103
227180,0
227200,49
227200,150
227220,89
227220,98
227300,65
227300,2
227310,186
227380,4
227380,82
227400,103
227480,0
227480,37
227560,2
227580,44
227580,203
227580,173
227600,4
227600,75
227760,64
227780,2
227780,33
227800,3
227860,64
227860,89
227860,158
227940,6
227940,40
228200,30
228200,143
228200,43
228260,131
228260,107
228280,135
228280,12
228280,14
228300,32
228300,238
228320,39
228320,90
228320,139
228360,43
228360,12
228380,0
228380,64
228440,2
228560,2
228760,181
228760,187
228960,132
228960,187
229250,0
229480,25
229480,90
229520,14
229520,105
229560,0
229580,6
229580,32
229600,57
229626,0
229660,181
229751,91
229752,253
229754,379
229790,91
229810,197
229810,187
229870,23
229890,158
230050,49
230050,32
230050,0
230070,233
230070,150
230090,0
230150,74
230150,92
230150,103
230190,137
230190,94
230230,90
230230,103
230230,76
230270,94
230270,283
230290,62
230290,56
230290,39
230350,66
230410,271
230410,32
230650,54
230690,103
230700,28
230700,44
230700,55
230820,103
230820,4
230840,39
230840,32
230840,230
230860,167
230880,103
230884,0
230887,14
230890,103
230920,14
230980,49
231040,103
231040,105
231140,14
231160,40
231160,43
231160,240
231200,72
231200,299
231310,46
231310,43
231330,0
231330,22
231330,14
231430,13
231430,117
231456,14
231464,14
231472,14
231479,29
231488,14
231720,103
231740,108
231740,39
231910,208
231910,207
231910,229
232010,2
232010,39
232050,14
232050,130
232090,59
232090,63
232090,32
232430,40
232430,43
232530,0
232634,0
232750,32
232770,63
232770,78
232770,209
232790,103
232790,105
232810,109
232810,32
232890,14
232890,4
232890,56
232910,257
232910,64
232950,62
232970,3
232970,22
232990,0
233130,149
233130,12
233130,40
233150,157
233150,33
233190,22
233190,2
233230,40
233230,306
233270,56
233270,24
233290,229
233290,228
233290,58
233310,90
233310,105
233350,90
233350,43
233370,41
233410,368
233450,170
233450,45
233470,39
233470,44
233470,93
233510,105
233550,24
233550,33
233550,53
233610,181
233610,32
233610,49
233700,36
233700,142
233720,26
233720,78
233720,155
233740,71
233740,91
233800,369
233840,105
233860,91
233860,174
233860,92
233980,49
233980,32
233980,25
234080,320
234080,248
234140,71
234140,181
234140,30
234160,57
234180,103
234190,33
234190,40
234270,39
234270,333
234270,331
234290,32
234330,97
234330,234
234350,44
234370,95
234390,103
234390,95
234390,3
234490,86
234510,1
234510,13
234510,56
234630,57
234630,306
234630,110
234650,103
234650,41
234670,104
234670,56
234670,22
234774,0
234781,0
234788,0
234860,14
234900,138
234900,112
234900,55
234920,15
234940,223
235070,103
235130,0
235150,103
235210,148
235210,32
235250,89
235250,33
235250,110
235320,117
235320,105
235360,89
235360,43
235360,146
235380,30
235380,66
235400,70
235400,90
235460,32
235460,84
235520,64
235540,133
235540,40
235540,76
235580,32
235600,22
235600,25
235600,91
235620,2
235620,105
235660,131
235720,14
235800,103
235800,44
235800,33
235820,33
235883,66
235980,81
236080,39
236090,39
236090,41
236110,25
236110,8
236110,52
236130,132
236130,190
236150,0
236150,52
236370,0
236370,63
236370,5
236390,29
236390,106
236430,383
236430,138
236430,98
236450,16
236450,32
236490,0
236510,2
236510,32
236660,14
236690,2
236690,19
236730,0
236730,8
236850,31
236850,126
236850,145
236870,8
236870,72
236930,191
236930,32
237030,14
237070,0
237310,91
237310,11
237310,49
237350,2
237430,103
237430,150
237430,255
237470,32
237550,132
237570,91
237570,24
237620,0
237630,24
237630,138
237740,49
237740,32
237740,12
237760,110
237800,76
237850,32
237850,217
237870,15
237870,103
237870,93
237890,234
237890,190
237930,47
237930,40
237930,148
237950,132
237970,32
237990,90
237990,105
238010,36
238010,6
238010,84
238050,9
238070,0
238070,67
238090,0
238090,8
238090,1
238210,1
238210,40
238230,91
238240,83
238240,49
238260,57
238260,0
238280,108
238280,33
238301,0
238320,63
238320,39
238320,2
238370,67
238370,11
238430,59
238430,11
238430,0
238450,121
238460,103
238460,94
238530,49
238570,103
238630,283
238750,32
238750,8
238870,14
238890,109
238890,118
238900,14
238910,131
238910,43
238930,323
238930,39
238930,105
238960,91
238960,0
238960,191
239030,61
239030,43
239070,103
239070,148
239070,187
239090,104
239090,105
239120,32
239120,14
239140,25
239140,37
239140,91
239160,251
239160,243
239200,41
239200,103
239200,168
239250,244
239250,40
239350,103
239350,0
239350,240
239430,62
239430,4
239550,32
239700,43
239700,154
239800,105
239800,240
239820,57
239820,119
239820,67
239840,71
239840,56
240280,159
240320,11
240320,56
240340,158
240360,39
240440,39
240440,40
240440,198
240480,217
240480,31
240600,181
240611,181
240620,0
240620,110
240720,50
240720,49
240720,41
240760,8
240760,131
240820,0
240970,67
241000,14
241240,122
241240,158
241240,25
241260,41
241260,0
241280,2
241300,325
241320,44
241320,95
241364,14
241370,14
241410,103
241410,22
241410,265
241540,71
241540,138
241560,181
241560,188
241560,64
241600,103
241600,240
241620,91
241620,93
241720,171
241760,156
241760,135
241760,258
241910,44
241910,251
241930,141
241930,40
242050,215
242050,128
242050,40
242110,167
242120,103
242130,32
242310,14
242530,3
242550,43
242550,23
242630,14
242640,91
242640,56
242680,103
242680,71
242680,91
242700,32
242700,40
242720,2
242720,98
242720,14
242760,171
242760,57
242780,76
242780,228
242780,51
242820,33
242820,111
242840,103
242840,63
242860,66
242860,30
242880,141
242880,251
242880,64
242920,103
242920,170
242940,47
242940,39
242960,133
242960,134
242980,0
242980,90
243000,47
243000,9
243000,6
243040,57
243040,46
243040,109
243060,98
243160,74
243200,39
243200,24
243220,44
243220,299
243360,181
243360,187
243450,32
243470,141
243470,340
243780,86
243800,182
243800,22
243800,167
243930,39
243930,33
243950,14
243950,251
243950,43
243970,121
243970,120
244030,46
244030,64
244030,69
244050,31
244050,22
244063,57
244070,34
244090,29
244160,43
244160,45
244210,183
244210,167
244210,212
244410,31
244430,4
244430,40
244450,29
244450,224
244450,33
244590,23
244610,41
244690,191
244710,15
244710,76
244710,173
244730,10
244730,110
244750,231
244770,64
244770,0
244770,22
244810,158
244850,64
244850,83
244850,14
244870,32
244870,300
244890,157
244910,103
244910,50
244930,389
244930,167
244950,39
245010,4
245050,14
245150,138
245170,104
245170,258
245170,0
245280,0
245280,40
245280,167
245300,86
245300,29
245370,2
245390,4
245390,105
245390,36
245410,358
245430,140
245430,90
245450,4
245450,138
245470,132
245470,105
245490,2
245490,26
245490,110
245620,64
245620,22
245620,39
245730,36
245890,3
245950,91
245950,2
245970,0
246030,158
246070,122
246070,93
246090,171
246090,105
246110,32
246250,0
246300,63
246360,103
246420,0
246420,103
246580,59
246580,63
246580,37
246620,59
246620,33
246680,0
246680,238
246720,44
246760,132
246760,147
246760,14
246820,0
246840,39
246840,158
246840,43
246900,2
246900,46
246900,39
246940,130
246960,0
246960,151
247000,324
247000,187
247000,11
247020,110
247020,67
247080,120
247080,301
247080,95
247120,6
247140,185
247140,33
247240,32
247290,0
247294,0
247299,0
247303,0
247306,39
247310,311
247350,2
247370,108
247430,32
247430,44
247430,1
247660,210
247660,67
247870,295
247910,59
247910,2
247910,98
247950,22
247950,32
248160,14
248190,328
248270,57
248290,199
248310,108
248310,4
248330,181
248330,24
248350,26
248390,284
248390,91
248390,89
248410,93
248450,32
248470,40
248470,299
248490,63
248490,31
248490,41
248510,130
248530,281
248530,2
248550,92
248550,328
248570,104
248570,26
248570,32
248610,32
248610,3
248630,311
248650,39
248650,203
248710,32
248750,158
248800,72
248800,336
248820,43
248820,2
248860,121
248860,33
248860,131
248970,356
249050,91
249050,287
249082,14
249094,14
249130,86
249130,2
249170,0
249190,88
249190,178
249190,142
249230,90
249230,4
249290,91
249330,376
249330,14
249330,79
249360,15
249550,91
249550,39
249570,105
249590,328
249590,138
249590,348
249630,286
249630,32
249630,40
249650,131
249650,41
249680,39
249730,0
249870,14
249870,90
249910,103
249921,379
249922,256
249930,174
249950,385
249990,25
249990,97
250030,39
250030,44
250050,67
250050,240
250070,33
250070,0
250070,102
250110,193
250110,22
250180,22
250180,49
250180,187
250260,6
250260,43
250310,159
250320,217
250320,90
250340,318
250340,22
250340,63
250380,32
250380,49
250400,22
250400,148
250420,171
250420,0
250420,15
250460,103
250500,39
250500,121
250500,197
250520,32
250520,39
250540,91
250560,22
250560,39
250580,286
250580,43
250580,63
250600,57
250600,159
250620,39
250620,44
250620,306
250680,383
250680,121
250700,197
250700,3
250700,196
250760,49
250760,32
250760,67
250820,57
250820,173
250820,76
250900,43
250900,287
251020,259
251060,8
251060,144
251081,14
251110,299
251110,56
251130,132
251130,26
251150,258
251150,4
251150,135
251170,39
251170,40
251210,323
251210,173
251210,311
251230,81
251230,86
251270,335
251270,32
251290,43
251290,90
251310,40
251370,108
251370,33
251390,0
251410,240
251410,32
251430,4
251450,194
251470,283
251470,24
251490,76
251510,158
251530,32
251570,2
251570,14
251590,91
251590,287
251590,185
251630,185
251650,14
251690,187
251730,103
251730,43
251830,67
251850,39
251850,209
251850,76
251870,243
251870,280
251890,306
251890,76
251950,29
251950,3
251950,22
251990,103
251990,147
252010,49
252010,43
252030,105
252030,240
252050,171
252070,36
252110,283
252110,193
252110,3
252130,78
252130,105
252150,158
252150,377
252170,14
252230,39
252230,248
252250,15
252250,171
252270,0
252310,110
252310,43
252330,103
252330,0
252350,231
252350,187
252350,49
252370,41
252390,14
252410,103
252410,138
252410,91
252430,240
252450,32
252470,57
252470,236
252490,56
252490,1
252490,57
252530,158
252530,62
252550,6
252550,32
252570,6
252570,58
252610,103
252610,22
252630,103
252630,141
252630,385
252670,105
252670,0
252690,132
252690,2
252710,191
252710,40
252710,201
252730,326
252750,94
252830,39
252830,240
252870,178
252870,1
252890,191
252890,147
252890,238
252970,99
252970,88
252970,15
253030,186
253030,293
253110,63
253110,40
253110,210
253150,132
253150,233
253230,39
253230,56
253250,174
253250,311
253250,193
253290,43
253290,75
253310,191
253310,4
253330,32
253330,85
253350,39
253350,105
253390,91
253390,150
253410,103
253430,0
253430,3
253510,14
253510,324
253570,103
253610,23
253610,16
253630,91
253630,287
253650,57
253690,103
253690,187
253710,22
253710,32
253750,110
253750,119
253750,187
253770,65
253790,158
253840,193
253840,26
253840,48
253880,4
253900,4
253900,170
253920,132
253920,36
253940,32
253960,191
253980,98
253980,40
253980,147
254080,14
254200,372
254200,39
254200,36
254260,185
254291,57
254320,122
254320,236
254370,138
254370,0
254370,57
254440,32
254460,85
254460,32
254480,63
254480,32
254590,57
254700,142
254700,4
254700,84
254820,4
254880,14
254900,69
254940,356
254960,29
254960,176
255070,286
255070,121
255070,91
255163,1
255260,398
255280,228
255300,32
255320,39
255320,44
255340,158
255370,0
255370,43
255390,167
255520,0
255520,60
255710,64
255710,158
255870,86
255870,167
255910,103
255940,6
255960,44
256010,132
256010,135
256030,133
256030,0
256190,1
256190,56
256190,22
256270,141
256290,105
256290,86
256320,56
256330,54
256370,2
256370,22
256440,0
256460,24
256460,258
256501,103
256504,14
256507,14
256522,57
257030,23
257050,0
257050,46
257120,0
257120,120
257170,131
257170,117
257220,76
257260,4
257320,103
257350,56
257350,55
257370,67
257420,22
257420,6
257420,56
257510,43
257510,154
257630,24
257690,39
257690,138
257710,86
257730,377
257730,132
257750,32
257750,74
257750,26
257790,181
257790,2
257850,43
257850,138
257850,328
257870,12
257930,132
257970,132
257970,333
257990,49
257990,39
257990,55
258010,36
258010,86
258050,95
258070,103
258090,39
258090,131
258090,193
258180,6
258180,69
258220,76
258344,158
258350,158
258358,158
258367,158
258375,158
258383,158
258388,158
258395,158
258403,158
258411,158
258418,158
258460,103
258501,103
258520,154
258520,41
258520,60
258590,39
258590,67
258640,57
258640,305
258641,64
258641,173
258642,62
258644,56
258646,57
258647,173
258650,62
258653,305
258655,57
258656,40
258663,259
258663,22
258668,65
258671,40
258674,259
258677,57
258677,305
258742,387
258743,379
258745,379
258760,183
258810,103
258813,103
258816,91
258850,158
258880,57
258890,158
258890,199
258890,41
258910,79
258930,158
258970,22
258970,95
258970,93
259040,15
259041,15
259041,63
259060,2
259060,91
259080,27
259080,138
259110,158
259130,132
259130,232
259170,0
259170,1
259190,44
259240,57
259251,0
259252,32
259320,158
259340,243
259380,3
259381,25
259390,49
259410,141
259450,311
259450,32
259510,54
259510,119
259530,197
259530,108
259550,191
259550,14
259570,36
259570,103
259570,46
259592,14
259600,44
259620,91
259620,6
259640,0
259640,243
259660,88
259680,33
259680,222
259700,0
259720,254
259720,90
259760,0
259780,108
259810,44
259830,103
259870,96
259870,150
259890,57
259890,56
259890,186
259940,103
259960,361
259980,26
260020,103
260060,158
260080,67
260130,131
260130,243
260160,0
260190,0
260190,32
260210,39
260210,55
260230,39
260230,114
260230,103
260250,161
260292,14
260309,30
260330,262
260330,39
260410,158
260410,0
260430,66
260430,167
260510,170
260530,44
260550,162
260570,43
260650,98
260690,162
260730,14
260730,224
260750,26
260750,40
260790,0
260790,32
260860,57
260930,65
261030,41
261030,63
261030,0
261070,103
261110,247
261110,239
261180,104
261180,105
261180,25
261340,91
261350,158
261391,103
261408,103
261421,39
261470,57
261470,105
261510,229
261510,61
261510,36
261530,63
261530,75
261550,56
261550,92
261550,43
261570,90
261570,44
261600,170
261640,91
261640,39
261680,76
261680,60
261700,44
261700,39
261720,132
261720,233
261740,240
261760,1
261880,103
261880,135
261940,158
262000,39
262000,229
262060,190
262060,32
262060,63
262080,3
262100,176
262100,3
262120,89
262120,125
262120,88
262150,103
262150,110
262150,82
262190,280
262210,356
262210,49
262240,103
262240,105
262260,110
262260,24
262280,206
262280,95
262300,103
262300,138
262300,123
262370,328
262370,12
262390,33
262390,3
262390,182
262410,44
262410,6
262450,97
262450,331
262450,23
262470,0
262470,148
262510,63
262550,105
262590,33
262590,95
262590,384
262690,110
262690,288
262690,98
262750,36
262770,39
262790,0
262790,134
262810,103
262810,121
262810,84
262830,156
262830,59
262850,39
262850,78
262850,52
262900,32
262940,191
262940,51
262940,336
262960,39
262980,157
263020,103
263020,7
263020,173
263040,229
263040,44
263060,1
263060,385
263060,32
263100,114
263120,57
263140,41
263140,76
263180,173
263200,15
263200,36
263300,104
263300,231
263300,90
263320,17
263320,108
263360,1
263360,3
263400,14
263400,189
263400,36
263420,394
263460,103
263480,22
263500,70
263500,90
263500,56
263520,63
263520,58
263540,2
263540,147
263560,91
263560,6
263620,110
263620,329
263640,0
263640,15
263680,75
263680,41
263700,103
263720,100
263740,54
263740,84
263740,22
263760,183
263760,43
263800,14
263820,108
263860,32
263860,144
263880,157
263880,3
263920,39
263940,57
263960,44
263980,44
263980,60
264000,11
264000,44
264000,62
264060,49
264080,181
264080,210
264080,64
264120,54
264120,6
264140,91
264140,0
264160,103
264160,140
264200,100
264200,101
264200,155
264220,32
264240,255
264240,3
264280,3
264300,22
264320,39
264340,276
264380,103
264380,39
264440,0
264520,39
264540,49
264540,32
264560,90
264610,0
264610,2
264681,14
264683,14
264690,220
264690,33
264710,83
264710,38
264730,103
264730,24
264840,103
265000,103
265000,95
265120,14
265130,91
265170,197
265190,141
265193,0
265210,155
265210,158
265240,158
265300,0
265300,41
265330,103
265330,331
265380,240
265461,387
265462,395
265463,369
265470,39
265470,268
265470,347
265550,67
265550,25
265590,22
265590,38
265590,235
265610,90
265610,190
265630,2
265630,25
265630,39
265690,40
265690,74
265690,70
265730,108
265730,121
265750,3
265770,46
265770,39
265790,60
265790,328
265810,57
265810,311
265830,61
265830,58
265870,14
265890,289
265890,203
265930,62
265930,22
265950,103
265950,306
265970,90
265990,103
266010,195
266010,40
266010,14
266050,103
266050,59
266090,46
266110,197
266110,33
266130,0
266130,2
266170,251
266170,240
266190,39
266190,0
266210,240
266210,121
266210,39
266230,132
266250,0
266270,158
266290,158
266290,56
266330,39
266370,22
266390,103
266410,183
266410,32
266430,2
266430,32
266430,15
266490,76
266490,173
266510,286
266510,39
266510,324
266740,0
266840,274
266840,8
266931,57
267060,44
267220,8
267220,233
267340,103
267360,105
267380,0
267380,25
267381,1
267490,231
267530,86
267530,22
267530,64
267600,56
267600,173
267630,218
267651,199
267655,199
267670,132
267730,131
267770,103
267773,91
267776,14
267778,103
267782,91
267785,14
267787,103
267810,219
267900,43
267920,99
267960,3
267980,4
268050,0
268050,33
268080,39
268130,103
268130,287
268130,56
268200,8
268220,2
268220,43
268260,185
268340,91
268360,265
268400,31
268400,84
268420,97
268420,139
268500,131
268500,2
268500,22
268540,103
268540,331
268611,388
268613,387
268650,64
268650,15
268650,128
268670,98
268710,368
268750,286
268750,25
268770,105
268870,36
268870,21
268890,327
268910,33
268910,2
268910,32
268930,358
268970,379
268990,22
268990,86
269010,335
269030,41
269030,150
269030,333
269050,210
269110,103
269110,137
269110,4
269150,0
269170,397
269190,138
269190,32
269190,131
269210,2
269210,93
269230,231
269230,148
269250,36
269270,108
269270,105
269310,89
269310,105
269330,103
269350,39
269370,103
269370,93
269490,0
269490,197
269530,59
269610,103
269610,139
269650,47
269650,32
269650,243
269670,86
269670,240
269690,91
269690,287
269690,83
269710,187
269710,265
269730,57
269770,93
269770,91
269770,258
269790,85
269790,43
269810,40
269850,62
269850,52
269850,187
269890,61
269890,201
269950,159
269950,64
269950,238
270010,0
270010,269
270010,36
270050,366
270050,15
270050,18
270070,76
270090,250
270110,91
270110,312
270110,32
270130,17
270150,0
270150,13
270150,66
270170,217
270170,65
270190,39
270210,236
270210,0
270230,39
270230,154
270230,12
270270,83
270270,135
270310,158
270310,67
270430,0
270450,11
270450,158
270450,187
270490,90
270550,59
270550,14
270550,86
270570,44
270570,229
270610,39
270610,12
270630,67
270630,32
270700,91
270750,6
270760,39
270770,91
270770,377
270790,8
270790,377
270810,151
270810,173
270830,45
270850,65
270850,170
270871,0
270880,291
270880,138
270880,173
270910,26
270940,395
270942,395
270950,390
271100,39
271240,64
271240,174
271260,98
271260,11
271260,290
271370,14
271400,49
271419,57
271443,57
271449,57
271457,57
271465,57
271475,57
271490,57
271500,204
271550,14
271570,86
271590,228
271590,181
271640,0
271670,0
271670,33
271760,22
271820,322
271820,43
271850,14
271900,44
271900,33
271920,171
271942,93
271943,33
271944,0
271960,185
271962,369
271970,258
271990,379
271990,32
272010,158
272040,103
272060,63
272060,60
272060,22
272083,103
272084,14
272230,1
272230,57
272230,14
272270,103
272270,375
272330,103
272470,93
272470,90
272510,258
272510,43
272510,187
272600,229
272620,0
272620,19
272680,185
272710,318
272890,179
272890,167
272920,311
273030,57
273070,213
273070,197
273110,64
273110,11
273110,63
273153,39
273300,103
273300,243
273380,131
273380,30
273500,59
273500,15
273500,283
273570,4
273570,9
273570,39
273580,24
273580,159
273590,12
273600,32
273600,30
273620,0
273620,225
273730,258
273730,32
273750,57
273770,14
273820,57
273840,54
273890,57
273890,98
273890,355
273960,170
273960,46
274010,57
274120,0
274130,0
274130,50
274170,108
274170,103
274170,110
274190,49
274190,37
274230,302
274230,32
274250,105
274250,33
274270,105
274270,23
274290,36
274290,32
274290,63
274310,158
274310,105
274350,43
274350,40
274480,91
274480,2
274500,176
274500,287
274520,95
274520,138
274520,121
274560,2
274560,43
274880,343
274880,110
274880,188
274900,283
274900,6
274940,0
274940,22
274940,138
274960,170
274980,6
275060,39
275060,98
275100,15
275100,43
275100,173
275125,173
275125,40
275180,91
275180,132
275200,164
275200,24
275200,84
275290,88
275290,224
275350,89
275390,0
275390,67
275390,48
275490,103
275510,88
275530,81
275570,0
275570,24
275590,3
275670,89
275690,0
275800,57
275810,192
275850,46
275850,32
275850,1
276220,351
276300,57
276340,173
276380,57
276440,145
276440,174
276440,91
276730,2
276730,95
276750,357
276810,132
276810,32
276870,14
276890,0
277110,191
277270,158
277390,187
277430,3
277430,38
277450,88
277460,218
277470,91
277470,76
277470,108
277490,14
277500,158
277510,49
277520,6
277560,191
277560,112
277560,228
277590,32
277590,216
277630,29
277650,103
277673,0
277680,158
277700,33
277721,158
277730,40
277731,65
277731,173
277732,173
277732,186
277735,56
277736,259
277737,57
277739,40
277740,94
277740,195
277741,171
277741,40
277742,64
277745,94
277745,45
277747,57
277747,305
277748,64
277749,65
277749,186
277749,39
277751,40
277751,63
277752,64
277753,32
277753,40
277754,64
277755,259
277755,22
277756,40
277757,22
277758,56
277759,56
277760,259
277760,305
277762,40
277763,62
277764,32
277764,56
277765,65
277767,64
277768,259
277769,57
277769,94
277770,65
277770,40
277770,22
277771,186
277771,174
277820,0
277830,0
277841,387
277843,387
277870,103
277870,33
277890,0
277890,193
277910,91
277930,39
277930,385
278080,187
278080,342
278100,110
278100,105
278131,0
278360,252
278360,90
278360,173
278420,0
278440,44
278460,158
278460,132
278490,39
278510,157
278530,342
278530,158
278550,259
278570,158
278590,158
278620,121
278640,108
278712,14
278850,0
278890,105
278910,14
278910,62
278930,110
278930,3
278970,0
278970,173
278970,91
279070,93
279110,0
279140,213
279140,2
279140,130
279160,36
279160,33
279260,71
279420,14
279440,90
279480,323
279480,2
279520,57
279560,191
279580,39
279580,24
279601,91
279620,213
279623,39
279720,57
279800,154
279800,43
279830,103
279920,36
279940,191
279940,151
279940,261
280010,0
280040,103
280040,33
280140,158
280140,258
280160,302
280160,32
280160,56
280180,75
280180,6
280200,103
280220,103
280220,95
280220,43
280320,24
280360,296
280360,333
280380,14
280460,105
280460,98
280500,108
280520,105
280520,56
280540,233
280540,14
280540,9
280560,110
280600,140
280620,267
280640,90
280640,37
280720,52
280720,170
280720,14
280790,56
280790,0
280830,54
280850,0
280850,229
280850,43
280890,1
280930,2
281050,104
281060,71
281080,39
281080,154
281102,395
281200,28
281220,49
281220,103
281240,32
281280,283
281343,0
281370,191
281410,0
281430,135
281450,131
281602,14
281610,2
281610,69
281640,41
281640,8
281640,146
281750,76
281750,289
281770,103
281820,24
281860,157
281860,32
281920,39
281920,37
281940,103
281940,90
281990,64
281990,69
282010,0
282010,43
282030,103
282050,181
282050,98
282070,255
282070,71
282100,158
282100,258
282140,6
282140,180
282210,46
282280,0
282400,2
282440,2
282440,33
282440,14
282470,32
282470,273
282512,0
282530,0
282530,240
282550,59
282560,65
282560,173
282620,57
282640,46
282680,8
282680,258
282760,44
282780,240
282780,32
282800,132
282800,33
282860,91
282880,14
282900,193
282900,335
282900,158
283000,189
283020,31
283040,105
283040,139
283060,91
283080,103
283080,193
283160,3
283180,191
283180,32
283230,105
283270,32
283290,39
283290,15
283310,90
283330,32
283370,6
283390,110
283430,4
283541,387
283552,219
283560,62
283560,56
283580,173
283600,259
283600,84
283620,103
283620,112
283640,91
283640,93
283660,103
283680,110
283680,36
283740,57
283820,103
283840,157
283880,70
283880,256
283880,348
283920,53
283940,158
283960,191
283960,43
283980,173
283980,105
284020,39
284050,191
284050,58
284050,230
284100,14
284140,0
284140,135
284160,64
284160,98
284180,328
284220,103
284240,44
284240,202
284260,103
284260,43
284290,309
284390,39
284390,28
284440,91
284450,33
284450,56
284460,252
284460,32
284500,91
284710,44
284710,103
284730,76
284730,103
284750,191
284750,90
284770,158
284770,41
284830,202
284830,32
284830,60
284850,44
284850,63
284870,202
284870,63
284870,41
284890,63
284890,173
284930,103
284970,0
284990,141
285010,158
285010,59
285070,32
285110,183
285110,171
285130,57
285160,56
285160,98
285190,226
285190,37
285190,41
285310,14
285310,174
285330,57
285330,135
285330,119
285380,158
285380,195
285380,64
285460,388
285480,14
285500,40
285500,53
285520,181
285670,0
285670,115
285730,103
285740,103
285740,48
285800,90
285800,41
285820,103
285820,283
285840,240
285840,187
285900,112
285900,296
285900,32
285920,0
285920,62
285980,110
286000,108
286000,167
286000,22
286040,103
286040,40
286100,49
286100,39
286100,56
286140,56
286140,6
286160,220
286160,45
286200,14
286220,342
286240,54
286240,32
286260,41
286260,193
286280,30
286300,103
286300,52
286320,193
286320,256
286360,191
286380,158
286460,32
286480,63
286520,14
286540,158
286636,273
286670,103
286690,0
286690,39
286730,57
286770,6
286810,71
286810,53
286830,71
286880,159
286880,181
286960,14
286962,57
286965,57
286971,14
287020,39
287020,9
287020,44
287070,2
287100,0
287100,32
287140,66
287200,171
287200,173
287220,171
287220,2
287260,173
287260,193
287290,99
287290,40
287370,88
287371,88
287390,32
287390,28
287450,4
287450,32
287450,135
287580,189
287600,76
287600,32
287630,154
287630,250
287700,56
287700,40
287700,58
287720,76
287740,335
287840,0
287860,24
287860,43
287860,3
287920,91
287920,243
287960,14
287980,288
287980,105
287980,84
288020,49
288040,379
288060,40
288060,138
288060,82
288100,98
288120,39
288140,14
288160,103
288160,58
288220,258
288240,14
288260,39
288260,88
288370,103
288370,98
288470,93
288470,43
288500,158
288500,65
288500,32
288520,1
288610,174
288610,76
288630,191
288670,191
288670,40
288670,32
288750,39
288830,202
288840,44
288860,90
288880,0
288930,191
288930,41
288970,158
289060,158
289060,76
289060,258
289070,130
289070,45
289090,62
289130,14
289130,32
289130,40
289180,36
289200,14
289240,14
289260,158
289300,29
289300,224
289340,172
289400,57
289420,91
289440,88
289460,2
289480,36
289500,88
289520,90
289580,29
289620,0
289620,3
289650,22
289650,41
289690,0
289690,32
289690,98
289733,59
289760,86
289760,32
289800,191
289820,63
289840,44
289890,8
289930,172
289950,186
289950,0
290000,158
290020,57
290020,311
290040,105
290040,167
290060,116
290080,83
290080,0
290180,0
290260,33
290260,195
290260,167
290300,56
290300,57
290300,105
290320,32
290340,14
290340,150
290380,158
290404,91
290460,379
290470,0
290470,286
290490,63
290510,306
290530,0
290650,103
290650,63
290690,231
290730,14
290730,267
290770,40
290770,63
290770,328
290790,143
290790,56
290850,103
290850,235
290870,40
290890,91
290890,84
290970,57
290970,172
290970,79
290990,258
290990,238
291010,103
291010,258
291010,59
291030,57
291030,41
291050,91
291050,32
291050,255
291130,0
291170,14
291190,234
291190,190
291250,103
291270,0
291290,158
291330,104
291390,0
291450,14
291450,36
291473,388
291480,0
291480,14
291550,2
291550,187
291550,283
291630,158
291650,90
291650,375
291650,14
291690,40
291710,50
291770,50
291840,233
291860,22
291860,56
291910,57
291930,172
291960,232
291960,138
292021,39
292030,32
292030,93
292060,368
292060,2
292120,43
292120,98
292140,342
292140,258
292140,132
292160,36
292180,159
292180,6
292200,170
292240,173
292260,173
292300,158
292330,14
292370,379
292390,0
292390,4
292400,103
292410,181
292410,243
292480,11
292480,90
292480,243
292500,110
292500,24
292570,0
292600,288
292600,40
292630,108
292630,0
292670,39
292710,318
292730,1
292730,32
292730,30
292760,132
292780,274
292800,191
292840,158
292880,39
292910,32
292910,251
292930,39
292930,134
292980,57
292983,14
292990,31
293054,273
293057,3
293061,108
293160,90
293160,108
293180,32
293220,0
293220,13
293240,287
293260,323
293260,131
293320,63
293340,57
293420,148
293440,328
293460,15
293460,84
293480,91
293480,6
293520,6
293540,2
293540,22
293540,158
293660,138
293660,62
293680,335
293680,254
293680,43
293720,36
293740,40
293760,64
293760,77
293760,145
293780,121
293780,287
293840,26
293860,85
293860,40
293880,103
293880,333
293880,132
293900,43
293900,283
293920,158
293920,105
293940,0
293960,14
293980,191
294000,95
294000,26
294020,14
294040,194
294040,121
294040,222
294060,331
294100,57
294100,103
294140,15
294140,60
294140,153
294160,110
294160,69
294180,0
294230,158
294230,173
294340,103
294370,90
294370,8
294390,202
294440,28
294440,40
294460,43
294530,199
294540,199
294550,274
294570,32
294580,274
294650,39
294650,4
294660,191
294670,39
294670,41
294690,158
294710,158
294720,29
294750,103
294770,36
294810,258
294810,41
294860,14
294860,43
294860,254
294912,57
294917,57
294924,57
294929,57
294936,57
294953,57
294963,57
294969,57
294984,57
294994,57
295002,57
295012,158
295023,57
295029,57
295035,57
295041,57
295047,57
295051,57
295056,158
295061,57
295066,57
295071,57
295078,57
295087,57
295091,57
295097,57
295182,57
295200,57
295222,57
295250,46
295430,0
295440,0
295530,158
295590,14
295590,56
295590,33
295610,49
295650,103
295670,240
295670,25
295690,39
295690,24
295690,138
295710,66
295710,267
295730,197
295750,62
295770,1
295790,49
295790,158
295790,60
295870,287
295930,103
296010,64
296010,3
296010,32
296030,41
296050,105
296070,6
296070,209
296180,1
296210,32
296220,63
296240,103
296280,57
296300,158
296300,21
296360,14
296450,30
296450,84
296470,187
296470,50
296490,103
296490,4
296530,140
296550,6
296570,90
296570,12
296630,103
296650,103
296710,103
296710,120
296710,2
296770,410
296790,187
296790,86
296790,17
296810,3
296830,103
296830,57
296850,103
296850,12
296870,105
296870,40
296890,2
296910,24
296930,0
296930,105
296970,121
296970,126
296990,0
297000,43
297000,24
297020,0
297020,57
297060,89
297060,284
297080,103
297120,1
297120,120
297130,108
297130,95
297130,44
297141,388
297190,103
297210,70
297210,105
297290,24
297310,311
297350,39
297350,63
297370,103
297410,24
297470,56
297470,71
297470,39
297490,26
297512,14
297590,103
297641,387
297645,387
297740,2
297750,88
297750,224
297760,31
297760,235
297793,103
297841,57
297860,86
297897,14
297920,76
297920,46
297970,181
298020,158
298030,81
298050,14
298050,213
298110,56
298110,32
298110,83
298140,76
298140,65
298160,70
298160,90
298180,81
298180,40
298180,193
298240,1
298240,56
298240,158
298260,32
298260,0
298280,197
298340,181
298360,14
298360,40
298360,209
298400,103
298480,14
298520,0
298520,240
298520,32
298560,171
298560,112
298600,103
298600,6
298600,50
298610,70
298610,98
298620,57
298630,0
298630,64
298641,100
298790,103
298790,95
298810,39
298820,158
298820,32
298830,138
298830,310
298840,342
298840,32
298850,105
298850,150
298930,153
298930,43
298950,44
299050,1
299070,88
299090,258
299140,39
299140,367
299160,158
299180,158
299230,130
299250,70
299340,57
299350,57
299360,171
299360,64
299380,39
299400,40
299420,0
299440,2
299480,110
299480,112
299500,397
299540,41
299600,76
299600,32
299660,118
299660,185
299680,44
299680,332
299720,25
299740,71
299740,57
299780,39
299800,0
299820,59
299910,103
299950,6
299950,43
300060,103
300060,36
300150,70
300160,45
300160,173
300260,39
300280,39
300300,32
300340,0
300360,158
300380,103
300380,32
300380,3
300400,0
300400,58
300540,91
300550,91
300550,32
300550,131
300570,122
300570,46
300580,287
300610,397
300630,14
300630,199
300630,233
300760,1
300820,71
300820,383
300840,103
300870,393
300870,395
301050,39
301115,0
301120,311
301150,103
301190,158
301200,103
301220,91
301244,90
301250,54
301300,158
301320,103
301360,2
301380,255
301380,347
301420,293
301460,108
301500,107
301520,3
301520,57
301540,158
301560,293
301640,59
301640,37
301640,1
301650,9
301650,46
301660,100
301690,192
301750,158
301750,3
301760,71
301760,48
301830,0
301840,120
301840,40
301860,76
301860,39
301860,43
301895,0
301900,0
301910,152
301910,40
301920,115
301920,335
301920,36
301930,67
301930,249
301970,35
301970,6
301970,25
301990,0
302030,91
302080,183
302110,191
302110,76
302160,39
302180,191
302190,44
302260,0
302310,158
302320,29
302330,154
302330,159
302340,293
302340,40
302350,53
302350,71
302360,293
302360,61
302360,41
302370,71
302380,195
302380,44
302390,63
302470,91
302490,298
302510,31
302510,91
302570,103
302570,178
302590,95
302590,59
302610,356
302610,76
302610,260
302670,88
302670,1
302690,39
302690,155
302690,331
302710,283
302710,40
302730,158
302750,193
302790,105
302810,91
302830,2
302830,15
302830,158
302910,103
302950,103
302950,217
302950,105
303210,290
303210,43
303210,44
303290,335
303290,50
303310,63
303310,347
303331,132
303331,369
303360,39
303390,43
303390,26
303430,42
303430,347
303510,158
303530,107
303530,387
303550,49
303590,158
303680,91
303680,90
303690,135
303690,85
303730,14
303790,76
303800,32
303840,103
303860,14
303880,103
303940,15
304030,70
304030,2
304030,98
304050,66
304050,22
304130,70
304133,0
304150,0
304150,110
304150,101
304170,98
304170,191
304190,158
304212,56
304212,6
304213,57
304240,85
304240,15
304240,37
304290,41
304301,91
304330,57
304350,172
304350,109
304380,8
304390,104
304390,65
304410,158
304410,84
304430,41
304430,55
304430,19
304460,43
304500,103
304530,99
304530,48
304540,389
304580,22
304650,58
304650,63
304670,14
304690,143
304690,70
304690,255
304730,174
304730,2
304810,6
304870,91
304870,52
304870,139
304910,29
304930,39
304930,1
304950,64
304950,15
304950,26
305050,328
305050,32
305070,39
305181,0
305185,39
305260,70
305260,171
305260,105
305380,1
305380,110
305390,31
305470,36
305470,12
305480,103
305480,382
305480,193
305490,239
305490,217
305500,0
305620,15
305620,83
305620,33
305640,121
305640,39
305660,263
305660,15
305720,0
305740,103
305740,240
305740,40
305760,36
305780,138
305780,154
305800,0
305820,158
305820,261
305840,88
305920,103
305940,57
305940,32
305940,311
305960,103
305980,276
306000,103
306020,22
306020,105
306020,103
306040,57
306040,60
306100,103
306130,0
306130,41
306170,57
306180,65
306200,14
306260,39
306340,14
306370,158
306370,62
306391,91
306394,14
306396,57
306399,57
306410,44
306440,49
306460,56
306460,32
306480,14
306480,64
306480,173
306531,14
306531,12
306550,121
306630,57
306630,84
306640,32
306660,103
306670,91
306680,158
306690,264
306690,43
306700,156
306700,110
306760,210
306760,32
306850,103
306930,46
307010,325
307050,76
307050,347
307090,0
307110,287
307110,97
307110,82
307130,240
307150,66
307170,301
307170,185
307190,50
307190,103
307210,231
307230,206
307230,0
307270,49
307290,158
307290,154
307340,157
307350,157
307410,101
307570,191
307570,24
307570,158
307580,32
307580,69
307590,105
307620,110
307620,76
307640,79
307640,48
307670,164
307670,8
307670,15
307690,32
307690,40
307750,39
307770,57
307770,145
307770,64
307780,208
307780,151
307800,91
307880,56
307880,64
307880,1
307900,173
307900,145
307920,56
307930,196
307930,56
307940,39
307940,83
307960,0
307960,305
307971,57
307990,90
307990,173
308000,33
308000,202
308040,210
308060,0
308060,32
308060,15
308080,2
308080,176
308140,14
308170,14
308171,57
308173,31
308173,214
308266,0
308270,2
308300,57
308310,0
308360,49
308380,131
308400,160
308400,90
308420,1
308420,140
308420,39
308460,14
308520,76
308540,19
308560,39
308580,181
308600,2
308600,14
309900,311
309920,158
310031,14
310034,14
310060,132
310060,158
310070,132
310080,67
310080,158
310100,14
310110,6
310260,66
310360,41
310360,168
310370,70
310370,57
310370,311
310390,124
310400,29
310470,14
310470,174
310470,177
310490,8
310510,90
310510,148
310560,183
310560,54
310560,56
310700,328
310700,105
310700,17
310740,76
310790,156
310790,33
310830,62
310850,39
310870,103
310880,54
310890,0
310890,88
310950,110
310950,4
310970,103
311010,74
311010,41
311040,14
311050,2
311080,0
311120,3
311140,32
311190,0
311210,2
311210,69
311210,40
311240,154
311240,150
311250,63
311250,50
311250,229
311260,14
311260,15
311290,91
311290,40
311290,243
311310,33
311310,30
311330,14
311340,41
311340,3
311380,31
311400,56
311480,49
311480,2
311480,187
311500,158
311560,18
311560,73
311560,44
311660,196
311680,158
311680,32
311680,112
311690,103
311690,95
311720,236
311720,8
311720,146
311730,302
311730,43
311770,0
311770,56
311800,311
311800,271
311820,103
311840,171
311840,109
311850,44
311850,168
311860,39
311870,34
311870,29
311920,132
311920,367
311940,103
312010,39
312050,0
312150,2
312200,103
312200,240
312210,56
312210,83
312210,6
312230,39
312230,55
312230,56
312280,14
312280,43
312290,121
312300,217
312350,34
312360,34
312370,8
312370,38
312400,29
312420,133
312420,365
312440,124
312450,29
312450,32
312450,45
312520,40
312520,105
312520,328
312530,0
312530,7
312540,0
312540,33
312560,342
312600,140
312600,151
312600,90
312610,24
312610,32
312630,103
312630,107
312630,20
312650,106
312660,3
312660,19
312660,208
312670,3
312670,26
312720,323
312720,2
312720,341
312750,28
312750,9
312780,342
312780,64
312780,254
312790,235
312790,90
312840,320
312840,229
312840,28
312960,14
312970,67
312980,57
312980,32
312990,70
312990,187
312990,240
313010,14
313010,145
313020,191
313040,385
313080,141
313080,2
313120,15
313120,32
313120,40
313140,39
313160,183
313160,22
313160,14
313210,50
313281,14
313281,65
313300,103
313320,387
313340,43
313340,334
313360,158
313371,0
313380,0
313390,30
313390,26
313400,157
313400,33
313400,81
313470,164
313480,13
313480,65
313500,30
313500,40
313590,0
313620,57
313630,85
313630,103
313650,158
313650,63
313650,79
313660,84
313690,26
313690,167
313700,108
313700,32
313730,243
313730,8
313740,208
313740,60
313740,340
313780,299
313780,32
313810,28
313810,40
313830,90
313870,39
313870,4
313931,103
313980,0
313980,258
313980,32
314000,14
314000,5
314010,2
314020,112
314020,105
314030,43
314030,32
314070,57
314120,67
314150,0
314150,108
314160,159
314160,6
314160,14
314180,103
314200,335
314200,103
314200,77
314220,103
314230,64
314230,40
314240,57
314250,0
314280,63
314280,85
314280,55
314290,63
314300,2
314330,103
314330,358
314330,79
314340,54
314360,103
314380,64
314400,91
314410,103
314410,105
314430,97
314430,52
314430,13
314450,43
314450,258
314460,103
314470,6
314510,191
314520,32
314520,84
314540,39
314560,32
314570,105
314590,237
314630,19
314630,40
314650,311
314650,65
314650,306
314660,44
314660,40
314710,0
314710,32
314710,67
314790,39
314790,44
314810,103
314810,44
314830,190
314830,233
314970,70
314970,323
314970,64
314980,103
314980,88
315050,66
315070,311
315110,110
315120,103
315130,74
315190,173
315260,52
315260,38
315320,103
315320,140
315330,91
315340,105
315393,181
315396,66
315430,0
315430,40
315450,74
315460,103
315460,22
315480,49
315540,103
315550,186
315650,62
315650,343
315650,103
315660,171
315670,4
315810,335
315810,168
315810,13
315830,35
315840,49
315850,103
315850,243
315860,41
315920,33
315940,108
316030,39
316070,39
316080,354
316140,217
316160,154
316160,0
316160,229
316240,32
316260,258
316260,239
316320,125
316370,103
316430,30
316430,57
316444,0
316480,22
316480,162
316480,43
316510,103
316541,14
316542,158
316560,43
316600,193
316600,112
316610,195
316610,71
316610,173
316660,103
316660,62
316670,39
316710,70
316720,41
316720,336
316740,49
316790,293
316790,26
316810,103
316821,0
316840,32
316866,0
316890,49
316910,90
316960,57
316967,57
316970,49
317030,43
317040,1
317040,2
317080,57
317100,0
317100,32
317202,0
317250,138
317250,44
317250,173
317280,76
317280,40
317290,36
317290,243
317290,239
317300,254
317300,26
317320,39
317320,173
317320,111
317360,2
317360,26
317360,167
317370,44
317380,131
317410,0
317410,240
317440,181
317440,69
317470,66
317470,0
317480,103
317510,158
317530,55
317530,167
317540,39
317590,14
317610,33
317710,103
317720,103
317730,15
317770,185
317820,91
317820,67
317820,173
317850,29
317850,22
317940,103
317950,91
318020,2
318020,22
318090,323
318090,67
318100,11
318100,204
318100,52
318130,342
318220,56
318220,2
318230,121
318230,36
318230,40
318300,29
318300,125
318300,43
318310,76
318330,123
318350,0
318411,0
318430,103
318430,26
318440,158
318480,22
318510,103
318521,103
318530,258
318530,24
318550,32
318570,103
318570,15
318600,43
318600,121
318640,0
318650,135
318650,30
318660,75
318680,105
318680,31
318690,40
318740,173
318791,59
318850,0
318872,0
318950,173
318970,190
318970,311
319010,14
319014,14
319018,91
319050,131
319050,365
319080,39
319090,0
319090,56
319140,24
319170,30
319170,158
319170,70
319230,103
319230,57
319230,169
319250,92
319250,222
319270,158
319280,100
319300,158
319320,191
319320,41
319400,39
319430,91
319450,39
319450,167
319450,138
319470,41
319480,49
319480,33
319510,33
319510,162
319540,143
319540,4
319540,43
319570,87
319630,255
319630,277
319630,0
319740,321
319760,14
319760,108
319820,0
319830,36
319850,171
319870,39
319870,375
319910,74
319910,86
319910,212
319970,191
319970,228
320030,3
320040,248
320040,255
320090,44
320120,138
320120,191
320120,331
320140,110
320140,32
320150,39
320240,61
320240,138
320300,183
320300,170
320300,64
320320,148
320330,39
320330,58
320340,57
320340,178
320340,40
320352,39
320362,39
320371,39
320382,39
320386,39
320410,14
320430,32
320430,8
320520,103
320520,105
320540,283
320610,103
320650,192
320690,103
320720,14
320760,39
320760,217
320790,0
320790,23
320820,32
320820,90
320840,57
320860,39
321030,39
321030,35
321030,266
321060,57
321080,0
321140,219
321141,39
321142,0
321142,1
321150,44
321160,32
321170,387
321182,388
321260,103
321270,63
321270,3
321290,76
321300,0
321300,32
321300,45
321330,158
321330,40
321330,59
321350,39
321350,52
321360,1
321360,103
321360,37
321390,0
321400,2
321400,0
321400,167
321421,63
321470,54
321475,57
321480,32
321510,0
321560,108
321700,416
321800,39
321800,139
321800,41
321830,287
321840,158
321840,382
321870,240
321870,191
321890,103
321920,44
321920,255
321940,91
321950,46
321960,90
321960,4
321980,40
321980,56
321990,103
322021,368
322060,0
322080,74
322110,286
322110,86
322110,32
322130,92
322170,300
322170,240
322190,132
322190,32
322190,67
322210,157
322210,82
322290,0
322290,193
322290,32
322300,83
322300,15
322330,105
322330,40
322430,158
322440,138
322450,293
322450,43
322480,91
322500,6
322500,23
322520,92
322520,258
322540,213
322580,76
322680,74
322680,36
322690,91
322750,157
322770,93
322770,311
322900,88
322910,103
322910,132
322930,103
322950,220
322980,14
323000,0
323060,323
323060,63
323060,221
323190,174
323190,143
323190,88
323220,380
323220,105
323230,14
323260,192
323290,103
323320,193
323320,62
323380,103
323380,67
323450,39
323450,108
323460,0
323470,258
323470,91
323470,93
323490,39
323500,228
323570,103
323580,40
323580,167
323650,0
323670,103
323670,108
323680,299
323720,103
323720,40
323850,187
323850,158
323850,45
323900,11
324020,85
324070,44
324080,195
324080,143
324090,24
324090,170
324090,105
324120,158
324140,49
324160,150
324160,40
324170,258
324190,57
324240,103
324260,56
324260,45
324270,103
324290,91
324310,56
324310,39
324331,0
324340,6
324344,0
324390,0
324470,181
324510,83
324510,6
324520,14
324570,38
324570,69
324610,191
324650,269
324680,144
324710,158
324710,26
324730,103
324740,91
324740,41
324750,183
324760,183
324800,271
324800,148
324800,222
324810,3
324810,56
325060,44
325090,121
325110,158
325120,43
325120,285
325120,268
325142,57
325150,16
325150,105
325160,103
325160,24
325210,355
325210,143
325260,181
325260,257
325300,311
325300,173
325300,361
325320,76
325370,77
325370,14
325420,171
325420,183
325420,393
325430,64
325500,387
325504,387
325520,26
325580,57
325610,30
325610,224
325610,15
325730,38
325730,91
325790,132
325790,190
325790,235
325870,161
325930,39
325950,57
325954,56
325954,195
325959,57
325970,259
325981,57
325993,57
326009,57
326023,57
326037,57
326060,335
326110,3
326110,89
326120,3
326150,286
326160,66
326160,325
326160,0
326180,191
326190,158
326190,154
326270,103
326340,283
326340,193
326360,33
326360,56
326390,14
326390,31
326391,30
326391,40
326410,39
326410,14
326420,39
326430,39
326460,132
326460,26
326470,181
326480,254
326480,158
326480,280
326530,14
326650,91
326670,14
326670,140
326670,226
326690,267
326720,0
326730,39
326840,0
326840,287
326950,39
326960,63
326960,3
326960,26
326990,110
326990,230
327000,103
327030,14
327030,32
327030,49
327060,49
327070,267
327070,2
327070,39
327090,171
327090,11
327130,57
327150,36
327171,0
327173,0
327175,0
327210,49
327220,58
327260,49
327270,0
327280,213
327310,43
327380,39
327390,108
327400,31
327410,379
327410,335
327440,39
327450,158
327500,103
327510,287
327510,6
327530,103
327560,40
327560,85
327640,103
327670,91
327670,158
327740,4
327760,103
327831,57
327860,15
327860,32
327860,40
327880,306
327880,3
327890,33
327890,193
327910,14
327920,63
327930,56
327940,39
327950,4
327960,311
328000,379
328020,25
328060,39
328060,91
328070,23
328080,284
328080,103
328080,43
328100,41
328100,138
328171,103
328220,254
328230,296
328270,255
328280,54
328310,57
328440,132
328460,1
328470,36
328500,0
328500,48
328510,105
328550,103
328590,63
328590,85
328650,0
328670,6
328670,61
328680,158
328680,105
328710,311
328730,338
328740,39
328760,123
328760,0
328780,161
328821,91
328830,57
328890,357
328900,255
328920,9
328940,39
329000,57
329011,57
329040,140
329040,43
329050,98
329050,231
329070,229
329070,18
329100,369
329110,131
329110,90
329130,14
329130,36
329130,2
329180,103
329200,39
329200,32
329240,43
329280,30
329310,171
329310,95
329320,158
329340,246
329380,44
329430,143
329430,64
329430,43
329440,0
329440,56
329460,181
329460,150
329460,36
329490,193
329490,24
329490,32
329551,57
329640,0
329650,3
329660,128
329670,24
329690,39
329690,43
329770,287
329820,388
329830,39
329830,40
329830,52
329860,158
329860,112
329880,0
329910,41
329930,0
329970,311
329970,120
329970,171
329980,6
329980,151
330000,70
330020,2
330020,140
330020,22
330100,46
330100,62
330180,351
330180,32
330260,191
330260,72
330260,44
330270,23
330350,39
330390,342
330390,190
330450,0
330460,39
330460,105
330500,40
330500,52
330510,0
330580,35
330580,3
330580,115
330620,14
330650,387
330660,62
330680,110
330680,40
330680,178
330720,189
330720,132
330770,69
330820,40
330820,114
330830,39
330830,0
330830,91
330880,0
330950,103
330990,44
330990,40
331064,0
331072,0
331120,85
331120,83
331160,250
331160,76
331160,2
331181,91
331190,43
331190,41
331200,1
331200,207
331210,185
331210,168
331210,90
331220,164
331220,9
331250,43
331260,193
331300,158
331340,74
331355,0
331360,10
331360,43
331380,26
331380,64
331390,91
331390,33
331400,0
331430,103
331440,121
331440,93
331450,56
331450,383
331470,70
331470,150
331470,4
331480,41
331480,63
331491,91
331500,0
331500,103
331510,103
331510,112
331580,103
331600,148
331600,86
331600,14
331650,37
331670,26
331670,173
331690,43
331690,44
331720,15
331750,46
331750,41
331750,243
331790,91
331790,342
331810,103
331810,145
331870,195
331870,332
331870,299
331890,103
331892,0
331900,22
331920,105
331970,0
331980,39
332070,66
332070,32
332130,14
332200,108
332200,138
332200,3
332250,76
332260,56
332260,239
332270,120
332270,255
332290,388
332310,56
332310,98
332310,158
332330,22
332350,1
332380,225
332380,76
332380,348
332390,14
332400,91
332400,108
332410,379
332410,342
332480,110
332480,167
332490,14
332490,213
332500,2
332500,36
332530,0
332540,322
332570,26
332570,62
332570,59
332580,44
332610,76
332620,103
332620,81
332620,43
332630,74
332630,299
332650,267
332650,5
332650,311
332710,103
332730,155
332760,167
332760,165
332790,85
332800,32
332800,15
332800,31
332830,158
332880,105
332880,195
332950,356
332950,110
333040,103
333090,388
333100,56
333120,40
333150,14
333170,103
333220,335
333250,258
333250,75
333260,32
333300,366
333300,91
333300,32
333330,0
333330,105
333330,187
333340,171
333340,91
333350,213
333390,76
333390,135
333390,342
333420,31
333420,0
333430,191
333490,49
333510,157
333580,103
333600,239
333600,413
333640,120
333640,39
333640,233
333650,32
333660,89
333660,6
333690,103
333730,91
333760,23
333771,395
333790,219
333810,39
333814,39
333870,44
333880,132
333880,139
333930,2
333930,21
333930,37
333950,57
333950,65
333970,32
333980,56
333980,239
333990,103
334030,70
334040,0
334040,11
334070,32
334100,103
334100,283
334120,43
334120,9
334180,39
334190,105
334190,17
334210,103
334210,25
334230,103
334230,8
334230,0
334260,285
334260,39
334270,130
334270,174
334280,286
334310,158
334310,32
334310,97
334360,158
334410,103
334420,103
334420,91
334420,41
334480,215
334510,43
334530,43
334540,2
334560,86
334620,7
334620,5
334690,103
334710,6
334710,36
334740,14
334772,181
334780,57
334782,54
334792,54
334830,0
334850,57
334850,239
334920,57
334940,200
334940,43
334960,0
335000,133
335000,105
335000,266
335010,258
335050,66
335070,183
335090,111
335090,107
335100,171
335120,91
335120,103
335120,4
335190,342
335200,2
335210,138
335210,6
335210,11
335240,2
335240,39
335240,44
335300,33
335300,39
335300,28
335420,91
335430,1
335440,25
335460,39
335520,103
335580,219
335620,235
335620,92
335620,46
335660,258
335670,41
335670,379
335670,240
335690,258
335700,157
335770,103
335790,39
335800,318
335810,91
335810,83
335820,258
335830,46
335830,8
335830,144
335900,103
335900,24
335920,32
335982,39
336010,181
336020,158
336060,197
336060,184
336060,12
336080,32
336090,0
336100,59
336130,191
336130,105
336140,39
336140,255
336140,134
336160,0
336200,158
336220,103
336240,44
336300,57
336320,43
336380,32
336420,148
336420,39
336420,70
336440,90
336440,275
336460,158
336610,385
336610,24
336670,3
336670,15
336680,54
336710,191
336730,67
336760,105
336780,191
336850,224
336850,124
336851,33
336851,106
336930,0
336940,15
336940,43
337000,40
337000,56
337040,138
337040,120
337040,170
337120,395
337150,103
337150,25
337210,108
337220,90
337220,32
337270,158
337280,39
337290,0
337290,23
337290,33
337320,2
337320,32
337340,43
337340,114
337340,76
337350,288
337360,108
337400,158
337410,2
337410,232
337420,158
337420,335
337460,186
337480,59
337490,74
337490,32
337630,258
337650,156
337660,141
337670,49
337680,233
337700,103
337720,43
337760,189
337760,213
337820,112
337820,38
337840,86
337840,100
337850,232
337850,358
337890,76
337930,239
337930,50
337940,76
337940,58
337960,103
337970,57
337970,173
337970,109
337980,158
338000,0
338000,43
338040,181
338050,103
338050,63
338050,333
338060,303
338100,57
338120,103
338120,105
338130,8
338130,132
338140,90
338161,57
338170,0
338170,43
338190,39
338190,64
338202,0
338260,205
338290,335
338290,173
338300,3
338300,243
338310,49
338310,142
338320,132
338330,103
338350,56
338350,84
338360,103
338371,14
338390,36
338390,243
338390,92
338420,229
338420,331
338530,103
338540,66
338540,25
338590,57
338630,193
338630,84
338640,88
338640,311
338700,103
338710,6
338710,84
338760,32
338770,91
338800,145
338810,213
338810,8
338820,88
338820,214
338820,98
338840,133
338840,286
338840,40
338960,158
338980,298
339000,0
339031,39
339040,258
339040,40
339040,30
339090,110
339090,105
339090,240
339110,173
339120,33
339130,103
339190,191
339190,9
339200,44
339200,342
339210,14
339230,15
339230,37
339230,71
339240,32
339250,105
339250,145
339290,377
339340,4
339340,44
339350,217
339350,36
339382,57
339393,57
339400,140
339440,385
339460,74
339500,158
339510,76
339530,66
339550,39
339570,103
339580,90
339580,55
339590,0
339600,36
339600,32
339610,70
339610,7
339610,26
339700,0
339710,39
339720,55
339790,65
339800,254
339800,41
339830,103
339830,58
339830,50
339840,41
339910,243
339910,280
340000,24
340030,287
340050,39
340050,83
340070,89
340070,98
340140,103
340150,143
340150,88
340170,91
340170,39
340170,43
340190,19
340210,103
340220,103
340270,158
340270,60
340290,74
340300,191
340310,48
340320,47
340340,57
340340,32
340350,22
340360,90
340370,39
340410,181
340440,14
340440,105
340450,110
340460,89
340470,304
340470,32
340480,158
340490,103
340490,105
340490,84
340500,140
340500,208
340520,148
340520,32
340520,287
340540,105
340550,220
340570,311
340580,105
340580,32
340600,132
340600,190
340600,24
340630,158
340670,57
340680,26
340720,103
340730,57
340730,43
340750,3
340800,335
340810,0
340810,2
340830,105
340840,118
340840,249
340860,159
340880,46
340960,311
340960,26
340960,24
340990,141
341000,103
341020,76
341020,105
341030,124
341030,11
341040,323
341060,63
341060,210
341080,110
341090,103
341090,4
341090,40
341120,43
341150,120
341150,14
341150,8
341170,39
341170,328
341170,28
341260,103
341270,83
341310,91
341310,342
341360,0
341390,91
341390,140
341440,76
341460,91
341470,158
341490,222
341500,0
341500,158
341510,158
341530,283
341540,40
341540,107
341550,105
341550,25
341610,103
341640,91
341660,311
341690,39
341710,57
341710,40
341710,43
341720,32
341720,43
341730,103
341750,185
341760,43
341800,44
341800,173
341800,40
341820,193
341870,26
341890,7
341930,57
341940,0
341940,156
341940,33
341950,132
341950,53
342010,57
342080,32
342080,135
342080,46
342090,379
342180,63
342180,6
342180,405
342200,2
342200,14
342200,56
342240,103
342260,50
342260,230
342280,108
342300,108
342310,327
342310,311
342350,44
342360,39
342360,40
342360,333
342380,158
342380,48
342450,312
342450,40
342480,70
342480,6
342480,265
342500,14
342500,131
342510,173
342530,158
342540,311
342550,1
342560,106
342560,11
342560,45
342570,103
342580,158
342580,103
342590,57
342610,199
342610,32
342620,3
342620,38
342620,108
342640,103
342640,2
342650,181
342650,49
342751,158
342756,158
342762,158
342776,158
342787,158
342795,158
342811,158
342816,158
342821,158
342830,158
342837,158
342843,158
342849,158
342859,158
342860,323
342870,158
342890,14
342910,57
342910,2
342910,56
342920,187
342940,90
342970,103
342970,215
342980,56
342980,36
342990,103
343000,50
343020,43
343070,65
343090,64
343100,0
343100,287
343100,43
343120,306
343140,37
343140,41
343170,157
343170,158
343170,38
343180,103
343180,233
343250,49
343270,63
343280,91
343290,0
343340,0
343360,22
343370,76
343390,119
343430,191
343440,186
343440,67
343460,31
343464,30
343560,2
343580,44
343597,0
343615,0
343630,66
343630,311
343710,138
343710,15
343710,0
343740,70
343740,138
343740,46
343770,44
343780,32
343780,33
343800,191
343800,40
343810,33
343820,229
343820,17
343830,6
343860,41
343860,32
343860,294
343951,57
343959,159
343959,173
344050,14
344070,181
344100,103
344130,49
344160,57
344178,0
344190,233
344210,103
344230,57
344270,255
344270,8
344300,0
344340,103
344410,63
344410,40
344440,119
344450,56
344450,83
344462,258
344480,288
344490,57
344500,60
344530,103
344630,254
344730,39
344740,287
344740,197
344760,83
344760,37
344770,258
344770,168
344810,57
344820,57
344840,36
344850,44
344850,105
344860,14
344890,91
344890,178
344910,157
344910,98
344960,44
345010,311
345020,98
345030,64
345050,57
345080,156
345080,26
345080,103
345090,33
345120,105
345130,105
345130,77
345140,140
345140,44
345140,311
345180,222
345180,32
345200,39
345220,190
345230,243
345230,155
345240,0
345240,2
345260,40
345280,63
345290,261
345330,14
345330,311
345340,103
345350,41
345350,40
345390,41
345390,147
345430,40
345430,63
345430,41
345440,63
345440,44
345460,70
345470,158
345540,39
345540,238
345540,76
345580,178
345580,69
345610,243
345610,39
345610,43
345620,243
345620,336
345630,193
345630,150
345640,91
345650,60
345660,54
345670,103
345690,49
345700,47
345710,59
345741,308
345750,109
345820,105
345820,215
345860,157
345860,32
345870,0
345890,183
345930,14
345990,0
345990,100
346010,147
346010,195
346040,39
346060,3
346060,300
346060,347
346090,63
346090,85
346110,83
346110,66
346120,240
346120,7
346120,70
346140,202
346150,311
346170,0
346180,160
346180,105
346180,107
346210,89
346240,103
346240,389
346240,0
346250,44
346250,193
346300,39
346330,0
346330,93
346340,91
346340,23
346360,14
346420,57
346420,14
346420,144
346440,181
346440,54
346450,103
346460,57
346460,36
346470,360
346500,181
346500,16
346500,23
346550,39
346550,112
346560,91
346560,60
346610,54
346630,49
346630,173
346670,103
346670,32
346730,99
346730,22
346750,57
346770,103
346780,103
346810,57
346810,143
346820,181
346820,158
346820,103
346830,258
346830,52
346850,44
346850,105
346850,274
346900,158
346900,39
346920,0
346930,41
346930,103
346940,39
346940,43
346950,379
346970,311
347000,39
347000,167
347000,348
347040,32
347060,170
347100,41
347100,234
347160,157
347160,3
347160,9
347170,13
347170,136
347190,57
347213,57
347240,4
347260,91
347280,156
347280,3
347280,134
347290,105
347330,74
347430,63
347440,290
347470,2
347480,24
347560,39
347580,103
347590,39
347600,56
347600,2
347620,335
347620,243
347660,24
347660,151
347660,12
347670,17
347690,344
347690,187
347720,48
347720,125
347720,85
347730,41
347820,103
347830,43
347830,39
347900,14
347940,39
347940,158
347950,158
347950,2
348000,49
348040,103
348090,141
348180,39
348190,14
348190,33
348240,0
348240,158
348240,280
348250,39
348270,103
348270,190
348280,110
348300,44
348300,24
348300,4
348340,110
348340,97
348360,44
348360,32
348360,19
348400,323
348430,288
348440,195
348450,299
348470,148
348470,22
348490,2
348510,56
348540,103
348550,104
348550,105
348561,91
348570,103
348620,103
348620,333
348650,103
348686,0
348700,70
348730,39
348740,89
348800,39
348800,82
348810,29
348840,131
348860,306
348910,195
348910,139
348910,285
348950,105
348960,191
348980,288
349020,0
349040,2
349040,90
349050,39
349100,15
349140,191
349190,91
349220,44
349220,50
349231,57
349250,94
349250,69
349250,351
349260,32
349260,95
349270,299
349300,258
349300,150
349320,103
349350,103
349450,91
349460,14
349460,138
349500,91
349500,90
349510,148
349510,31
349510,112
349520,74
349520,32
349540,57
349550,32
349550,148
349670,0
349680,157
349690,157
349690,105
349690,60
349710,112
349710,95
349720,185
349720,50
349730,131
349730,41
349760,0
349770,91
349790,103
349830,91
349840,190
349935,0
349950,108
350000,157
350010,32
350010,173
350070,108
350070,24
350080,29
350080,40
350080,2
350110,14
350140,0
350150,57
350150,11
350172,0
350200,320
350200,280
350210,14
350270,14
350272,158
350330,103
350460,0
350480,105
350480,193
350490,258
350500,26
350500,43
350550,335
350550,32
350550,269
350600,7
350610,0
350620,0
350630,103
350640,228
350640,282
350700,70
350740,157
350740,23
350750,103
350770,4
350780,108
350800,91
350810,32
350910,22
350910,104
350970,39
350970,105
350990,6
351030,103
351030,199
351060,37
351060,38
351080,298
351080,143
351080,4
351090,76
351090,26
351100,256
351100,143
351100,32
351140,2
351140,26
351150,331
351150,37
351160,307
351160,40
351170,311
351170,49
351220,121
351240,103
351240,157
351250,49
351290,83
351290,6
351300,91
351320,14
351330,44
351340,347
351410,70
351420,100
351470,103
351480,131
351480,190
351490,158
351490,46
351510,14
351550,0
351630,89
351640,70
351640,0
351640,44
351700,15
351700,366
351700,32
351710,193
351710,41
351720,89
351730,57
351730,185
351730,56
351790,76
351800,103
351810,0
351820,3
351860,314
351870,172
351910,14
351910,170
351920,2
351940,71
351940,40
351970,93
351970,86
351990,301
351990,32
352000,59
352010,258
352010,105
352050,14
352070,105
352070,351
352111,199
352130,259
352140,103
352160,0
352182,57
352190,14
352220,90
352220,24
352220,105
352360,103
352360,191
352400,196
352400,32
352400,167
352430,46
352520,191
352520,36
352520,277
352550,174
352550,32
352580,50
352610,37
352620,187
352700,70
352710,57
352720,15
352720,145
352740,254
352740,239
352740,304
352760,89
352780,90
352790,1
352790,6
352790,40
352810,210
352810,108
352840,103
352840,95
352840,40
352850,158
352890,80
352900,76
352950,83
352950,65
352960,0
352960,178
353000,70
353053,39
353070,32
353080,39
353080,32
353090,157
353110,39
353190,156
353270,342
353270,132
353270,48
353330,335
353330,50
353340,155
353360,60
353360,40
353540,108
353550,40
353560,158
353560,63
353560,40
353590,103
353620,57
353640,145
353640,195
353640,117
353700,81
353700,135
353790,191
353820,279
353830,32
353930,91
353980,32
353990,0
354030,105
354040,24
354140,32
354140,14
354140,43
354160,110
354180,33
354180,191
354200,39
354200,105
354230,103
354240,43
354240,50
354280,176
354280,151
354280,158
354290,2
354330,14
354380,141
354380,32
354400,185
354425,0
354430,159
354463,14
354469,91
354620,103
354650,191
354680,191
354680,154
354710,0
354730,158
354770,91
354780,306
354780,111
354780,181
354860,193
354920,103
354950,39
354960,24
354970,24
355020,0
355020,105
355020,32
355050,96
355050,119
355060,188
355070,56
355080,157
355100,132
355140,39
355150,49
355150,32
355150,138
355170,53
355170,4
355180,22
355180,311
355190,0
355190,22
355230,158
355240,197
355240,110
355250,0
355270,103
355290,39
355341,57
355341,45
355350,240
355370,311
355400,182
355400,52
355400,176
355420,91
355420,8
355430,39
355490,14
355520,39
355530,76
355530,229
355560,181
355630,103
355650,14
355680,236
355680,40
355740,158
355760,39
355760,332
355760,26
355790,18
355790,19
355800,103
355810,3
355820,54
355820,32
355820,241
355840,1
355840,22
355840,32
355860,50
355880,39
355880,133
355910,57
355950,88
355970,103
355970,41
355970,32
356000,91
356030,85
356030,83
356040,108
356040,57
356040,311
356090,44
356100,14
356130,143
356130,8
356160,191
356180,39
356180,6
356180,311
356190,98
356190,133
356210,67
356250,39
356260,30
356290,14
356310,108
356380,62
356380,39
356390,293
356390,76
356390,41
356400,185
356400,110
356420,103
356430,14
356440,39
356440,173
356440,90
356450,150
356460,103
356500,2
356510,54
356520,39
356520,50
356530,150
356530,255
356550,39
356560,57
356570,0
356570,228
356580,76
356580,49
356650,91
356650,93
356650,167
356670,40
356670,85
356710,233
356770,39
356790,3
356790,22
356800,91
356820,33
356880,103
356890,33
356890,158
356890,24
356910,7
356950,57
357070,0
357070,135
357070,158
357090,39
357120,103
357120,43
357180,88
357190,205
357200,91
357280,103
357290,63
357290,173
357290,250
357300,354
357310,13
357310,8
357320,311
357330,22
357330,2
357340,103
357340,36
357340,26
357350,64
357360,14
357370,39
357500,70
357600,103
357650,0
357650,108
357670,26
357710,14
357720,300
357730,306
357780,89
357780,44
357780,193
357840,0
357890,110
357890,142
357900,39
357910,0
357930,103
357940,108
358030,103
358070,64
358080,103
358090,320
358090,158
358090,72
358120,293
358130,131
358130,41
358130,32
358150,91
358150,2
358180,105
358190,4
358210,0
358230,0
358240,9
358250,24
358270,24
358270,184
358290,24
358310,0
358320,49
358340,39
358350,105
358370,9
358380,4
358400,0
358410,6
358470,39
358470,41
358650,105
358750,335
358750,41
358750,254
358770,103
358810,103
358830,286
358830,78
358840,103
358920,97
358920,0
358920,24
358930,52
358930,171
358960,356
358970,39
359040,299
359040,108
359050,243
359050,0
359050,110
359070,103
359100,0
359100,43
359140,14
359140,32
359140,43
359190,103
359220,56
359230,171
359230,44
359250,191
359280,91
359280,32
359300,103
359310,32
359310,44
359320,56
359320,39
359320,14
359350,39
359350,112
359370,215
359390,150
359390,193
359400,32
359420,4
359440,342
359440,17
359493,0
359500,103
359510,41
359510,32
359520,91
359550,1
359550,7
359550,32
359560,40
359580,50
359600,0
359600,31
359610,49
359620,153
359620,24
359650,57
359670,158
359790,57
359800,0
359800,25
359810,32
359840,22
359840,2
359840,26
359870,342
359870,39
359870,28
359900,148
359900,251
359920,103
359930,6
359940,39
359940,281
359960,287
359960,193
359960,150
359970,92
360010,158
360030,120
360040,91
360090,14
360090,393
360091,25
360114,103
360114,367
360115,393
360150,2
360150,99
360170,15
360170,91
360170,3
360350,57
360350,64
360350,66
360380,32
360380,26
360400,14
360400,52
360430,0
360430,99
360430,37
360450,105
360510,121
360530,156
360530,197
360580,0
360590,0
360590,59
360620,311
360620,22
360640,14
360640,191
360650,256
360650,105
360730,70
360730,377
360740,160
360740,39
360820,39
360830,0
360830,158
360840,57
360870,32
360880,37
360890,103
360940,2
360940,23
360940,29
360960,78
360960,6
360990,300
361040,103
361040,32
361040,244
361110,0
361130,220
361190,0
361200,191
361230,91
361230,240
361230,112
361280,170
361280,2
361300,103
361300,2
361310,103
361320,14
361330,39
361350,100
361350,26
361350,115
361360,44
361380,135
361420,22
361420,98
361430,98
361520,0
361550,6
361550,243
361560,157
361600,328
361630,98
361670,178
361680,0
361690,159
361790,76
361820,57
361830,103
361840,65
361841,181
361842,57
361842,40
361843,40
361850,44
361880,54
361930,76
361950,57
361990,160
361990,373
361990,0
362010,90
362020,158
362030,202
362090,121
362110,91
362130,41
362130,95
362140,103
362160,342
362160,138
362160,76
362310,103
362320,91
362320,393
362370,158
362380,187
362380,283
362380,167
362400,323
362410,103
362410,31
362490,62
362490,311
362490,63
362530,70
362570,70
362620,170
362620,103
362620,117
362660,382
362680,63
362680,37
362740,39
362780,57
362810,49
362810,24
362810,94
362860,63
362890,3
362890,63
362930,53
362930,54
362930,8
362940,32
362950,158
362960,32
362960,43
363040,14
363060,199
363110,14
363130,342
363150,14
363150,43
363220,0
363240,39
363270,33
363330,158
363330,105
363350,14
363360,178
363360,15
363360,40
363410,39
363420,121
363430,183
363430,94
363440,43
363440,81
363460,181
363460,280
363490,39
363500,152
363500,363
363510,158
363510,59
363520,103
363520,64
363600,170
363610,103
363620,0
363640,103
363650,0
363650,69
363670,39
363670,105
363680,14
363680,8
363680,33
363900,158
363920,108
363930,190
363930,234
363940,103
363950,76
363970,70
363970,39
363970,170
363980,78
363980,41
363990,103
364050,103
364060,0
364060,108
364170,0
364190,110
364200,90
364200,120
364210,89
364210,255
364230,103
364230,32
364230,43
364260,103
364270,76
364300,57
364300,33
364326,57
364350,36
364360,30
364360,32
364360,130
364380,2
364390,103
364390,32
364400,0
364410,57
364420,0
364420,120
364450,76
364470,90
364470,158
364480,49
364510,236
364510,95
364630,14
364640,158
364640,91
364640,32
364690,49
364710,311
364720,0
364740,287
364740,14
364740,157
364790,121
364800,4
364810,0
364810,32
364810,2
364820,144
364820,135
364830,43
364850,14
364850,112
364880,0
364900,328
364900,0
364900,12
364910,6
364910,50
364930,32
364930,12
364940,173
364940,29
364980,57
365020,39
365020,208
365050,105
365070,258
365080,103
365090,231
365090,112
365110,158
365120,103
365150,39
365160,138
365160,210
365210,217
365260,129
365260,31
365260,14
365280,39
365290,44
365300,2
365300,36
365320,63
365330,108
365340,108
365350,57
365360,147
365360,132
365360,232
365400,91
365420,43
365450,41
365450,229
365450,103
365460,115
365470,158
365480,32
365510,173
365520,387
365530,387
365540,0
365540,393
365560,8
365590,2
365590,71
365590,40
365620,115
365620,128
365660,103
365660,378
365680,2
365760,3
365760,158
365760,112
365770,14
365800,14
365800,71
365810,110
365810,84
365820,13
365850,258
365850,79
365850,167
365870,91
365880,39
365880,36
365890,2
365890,187
365900,158
365930,103
365960,57
365960,62
366000,46
366010,95
366010,23
366050,279
366090,284
366090,311
366090,103
366140,39
366180,158
366210,89
366220,39
366220,6
366230,4
366250,0
366250,2
366250,32
366260,24
366260,49
366280,0
366280,108
366320,103
366320,331
366330,91
366331,103
366380,154
366450,0
366460,108
366570,191
366620,103
366620,2
366640,39
366640,93
366650,13
366650,11
366660,1
366670,202
366690,203
366690,65
366730,39
366760,14
366760,49
366780,103
366800,103
366843,2
366849,2
366870,180
366910,57
366910,15
366920,103
366960,63
366960,4
366970,105
367000,201
367000,14
367000,24
367030,385
367040,103
367040,58
367050,49
367080,140
367080,150
367110,39
367120,243
367120,208
367120,103
367140,3
367180,103
367220,57
367240,251
367260,326
367270,311
367270,43
367290,14
367330,103
367340,36
367350,76
367411,91
367430,54
367450,64
367450,83
367480,39
367500,90
367500,138
367520,328
367520,138
367520,56
367550,32
367570,23
367570,0
367580,288
367580,203
367680,103
367710,103
367800,0
367820,311
367870,196
367890,0
368000,67
368040,103
368050,14
368070,141
368070,39
368080,24
368080,258
368080,76
368140,33
368150,76
368160,72
368180,158
368180,110
368220,124
368230,108
368230,240
368230,39
368250,41
368310,158
368340,43
368340,36
368360,32
368360,255
368360,105
368370,335
368370,348
368390,229
368390,162
368390,17
368430,63
368430,41
368450,6
368450,32
368500,56
368500,41
368500,26
368570,110
368590,49
368590,74
368600,57
368600,9
368610,105
368620,138
368620,277
368620,103
368640,44
368650,44
368680,103
368680,110
368690,283
368700,86
368720,311
368730,103
368730,33
368730,28
368740,110
368740,95
368760,314
368770,14
368780,103
368830,103
368860,6
368860,39
368880,39
368890,304
368890,133
368910,39
368950,157
368950,108
368990,39
369000,39
369030,0
369040,22
369040,110
369060,0
369070,105
369070,240
369080,57
369080,0
369080,281
369110,103
369110,105
369120,258
369180,0
369270,158
369290,14
369310,132
369370,233
369390,22
369420,202
369420,40
369440,39
369440,32
369440,3
369460,103
369530,178
369530,36
369530,171
369550,156
369550,176
369560,286
369560,105
369560,33
369580,26
369580,0
369610,0
369700,91
369710,158
369763,158
369770,158
369776,158
369786,158
369796,158
369809,158
369826,158
369830,313
369830,105
369830,107
369890,39
369990,323
369990,45
369990,43
